Name,HighValue,Description,AdminCount
DOMAIN ADMINS@DOLLARCORP.MONEYCORP.LOCAL,True,Designated administrators of the domain,True
ADMINISTRATORS@DOLLARCORP.MONEYCORP.LOCAL,True,Administrators have complete and unrestricted access to the computer/domain,True
KEY ADMINS@DOLLARCORP.MONEYCORP.LOCAL,False,Members of this group can perform administrative actions on key objects within the domain.,True
DNSADMINS@DOLLARCORP.MONEYCORP.LOCAL,False,DNS Administrators Group,False
STORAGE REPLICA ADMINISTRATORS@DOLLARCORP.MONEYCORP.LOCAL,False,Members of this group have complete and unrestricted access to all features of Storage Replica.,False
HYPER-V ADMINISTRATORS@DOLLARCORP.MONEYCORP.LOCAL,False,Members of this group have complete and unrestricted access to all features of Hyper-V.,False
