Host,OS
DCORP-STD73.DOLLARCORP.MONEYCORP.LOCAL,Windows Server 2022 Standard
DCORP-DC.DOLLARCORP.MONEYCORP.LOCAL,Windows Server 2022 Standard
DCORP-ADMINSRV.DOLLARCORP.MONEYCORP.LOCAL,Windows Server 2022 Datacenter
DCORP-ADMINSRV.DOLLARCORP.MONEYCORP.LOCAL,Windows Server 2022 Datacenter
DCORP-STD73.DOLLARCORP.MONEYCORP.LOCAL,Windows Server 2022 Standard
DCORP-DC.DOLLARCORP.MONEYCORP.LOCAL,Windows Server 2022 Standard
DCORP-ADMINSRV.DOLLARCORP.MONEYCORP.LOCAL,Windows Server 2022 Datacenter
DCORP-ADMINSRV.DOLLARCORP.MONEYCORP.LOCAL,Windows Server 2022 Datacenter
