Name,n.domain,Enabled,LAPS,HighValue,OS,Description,PWDLastSet,LastLogon,SPN
DCORP-ADMINSRV.DOLLARCORP.MONEYCORP.LOCAL,DOLLARCORP.MONEYCORP.LOCAL,True,False,False,Windows Server 2022 Datacenter,,2022-11-12T07:16:12Z,2023-11-18T02:59:50Z,"['TERMSRV/DCORP-ADMINSRV', 'TERMSRV/dcorp-adminsrv.dollarcorp.moneycorp.local', 'RestrictedKrbHost/DCORP-ADMINSRV', 'HOST/DCORP-ADMINSRV', 'RestrictedKrbHost/dcorp-adminsrv.dollarcorp.moneycorp.local', 'HOST/dcorp-adminsrv.dollarcorp.moneycorp.local']"
DCORP-APPSRV.DOLLARCORP.MONEYCORP.LOCAL,DOLLARCORP.MONEYCORP.LOCAL,True,False,False,Windows Server 2022 Datacenter,,2022-11-12T07:20:51Z,2023-11-18T02:59:52Z,"['TERMSRV/DCORP-APPSRV', 'TERMSRV/dcorp-appsrv.dollarcorp.moneycorp.local', 'RestrictedKrbHost/DCORP-APPSRV', 'HOST/DCORP-APPSRV', 'RestrictedKrbHost/dcorp-appsrv.dollarcorp.moneycorp.local', 'HOST/dcorp-appsrv.dollarcorp.moneycorp.local']"
DCORP-CI.DOLLARCORP.MONEYCORP.LOCAL,DOLLARCORP.MONEYCORP.LOCAL,True,False,False,Windows Server 2022 Datacenter,,2022-11-12T07:22:08Z,2023-11-18T02:59:40Z,"['TERMSRV/DCORP-CI', 'TERMSRV/dcorp-ci.dollarcorp.moneycorp.local', 'RestrictedKrbHost/DCORP-CI', 'HOST/DCORP-CI', 'RestrictedKrbHost/dcorp-ci.dollarcorp.moneycorp.local', 'HOST/dcorp-ci.dollarcorp.moneycorp.local']"
DCORP-DC.DOLLARCORP.MONEYCORP.LOCAL,DOLLARCORP.MONEYCORP.LOCAL,True,False,False,Windows Server 2022 Standard,,2023-10-19T17:19:21Z,2023-11-18T01:31:04Z,"['ldap/dcorp-dc.dollarcorp.moneycorp.local/DomainDnsZones.dollarcorp.moneycorp.local', 'ldap/dcorp-dc.dollarcorp.moneycorp.local/ForestDnsZones.moneycorp.local', 'Dfsr-12F9A27C-BF97-4787-9364-D31B6C55EB04/dcorp-dc.dollarcorp.moneycorp.local', 'TERMSRV/DCORP-DC', 'TERMSRV/dcorp-dc.dollarcorp.moneycorp.local', 'DNS/dcorp-dc.dollarcorp.moneycorp.local', 'GC/dcorp-dc.dollarcorp.moneycorp.local/moneycorp.local', 'RestrictedKrbHost/dcorp-dc.dollarcorp.moneycorp.local', 'RestrictedKrbHost/DCORP-DC', 'RPC/2011249a-2f18-48d6-9be8-429cf2f04d2c._msdcs.moneycorp.local', 'HOST/DCORP-DC/dcorp', 'HOST/dcorp-dc.dollarcorp.moneycorp.local/dcorp', 'HOST/DCORP-DC', 'HOST/dcorp-dc.dollarcorp.moneycorp.local', 'HOST/dcorp-dc.dollarcorp.moneycorp.local/dollarcorp.moneycorp.local', 'E3514235-4B06-11D1-AB04-00C04FC2DCD2/2011249a-2f18-48d6-9be8-429cf2f04d2c/dollarcorp.moneycorp.local', 'ldap/DCORP-DC/dcorp', 'ldap/2011249a-2f18-48d6-9be8-429cf2f04d2c._msdcs.moneycorp.local', 'ldap/dcorp-dc.dollarcorp.moneycorp.local/dcorp', 'ldap/DCORP-DC', 'ldap/dcorp-dc.dollarcorp.moneycorp.local', 'ldap/dcorp-dc.dollarcorp.moneycorp.local/dollarcorp.moneycorp.local']"
DCORP-MGMT.DOLLARCORP.MONEYCORP.LOCAL,DOLLARCORP.MONEYCORP.LOCAL,True,False,False,Windows Server 2022 Datacenter,,2022-11-12T07:23:02Z,2023-11-18T03:00:18Z,"['TERMSRV/DCORP-MGMT', 'TERMSRV/dcorp-mgmt.dollarcorp.moneycorp.local', 'RestrictedKrbHost/DCORP-MGMT', 'HOST/DCORP-MGMT', 'RestrictedKrbHost/dcorp-mgmt.dollarcorp.moneycorp.local', 'HOST/dcorp-mgmt.dollarcorp.moneycorp.local']"
DCORP-MSSQL.DOLLARCORP.MONEYCORP.LOCAL,DOLLARCORP.MONEYCORP.LOCAL,True,False,False,Windows Server 2022 Datacenter,,2022-11-12T07:23:53Z,2023-11-18T03:00:15Z,"['MSSQLSvc/dcorp-mssql.dollarcorp.moneycorp.local:1433', 'MSSQLSvc/dcorp-mssql.dollarcorp.moneycorp.local', 'TERMSRV/DCORP-MSSQL', 'TERMSRV/dcorp-mssql.dollarcorp.moneycorp.local', 'RestrictedKrbHost/DCORP-MSSQL', 'HOST/DCORP-MSSQL', 'RestrictedKrbHost/dcorp-mssql.dollarcorp.moneycorp.local', 'HOST/dcorp-mssql.dollarcorp.moneycorp.local']"
DCORP-SQL1.DOLLARCORP.MONEYCORP.LOCAL,DOLLARCORP.MONEYCORP.LOCAL,True,False,False,Windows Server 2022 Datacenter,,2022-11-12T07:24:41Z,2023-11-18T03:00:03Z,"['MSSQLSvc/dcorp-sql1.dollarcorp.moneycorp.local:1433', 'MSSQLSvc/dcorp-sql1.dollarcorp.moneycorp.local', 'TERMSRV/DCORP-SQL1', 'TERMSRV/dcorp-sql1.dollarcorp.moneycorp.local', 'RestrictedKrbHost/DCORP-SQL1', 'HOST/DCORP-SQL1', 'RestrictedKrbHost/dcorp-sql1.dollarcorp.moneycorp.local', 'HOST/dcorp-sql1.dollarcorp.moneycorp.local']"
DCORP-STD61.DOLLARCORP.MONEYCORP.LOCAL,DOLLARCORP.MONEYCORP.LOCAL,True,False,False,Windows Server 2022 Standard,,2023-03-28T11:20:00Z,2023-11-18T03:00:07Z,"['WSMAN/dcorp-std61', 'WSMAN/dcorp-std61.dollarcorp.moneycorp.local', 'TERMSRV/DCORP-STD61', 'TERMSRV/dcorp-std61.dollarcorp.moneycorp.local', 'RestrictedKrbHost/DCORP-STD61', 'HOST/DCORP-STD61', 'RestrictedKrbHost/dcorp-std61.dollarcorp.moneycorp.local', 'HOST/dcorp-std61.dollarcorp.moneycorp.local']"
DCORP-STD62.DOLLARCORP.MONEYCORP.LOCAL,DOLLARCORP.MONEYCORP.LOCAL,True,False,False,Windows Server 2022 Standard,,2023-03-28T11:24:16Z,2023-11-18T03:00:29Z,"['TERMSRV/DCORP-STD62', 'TERMSRV/dcorp-std62.dollarcorp.moneycorp.local', 'RestrictedKrbHost/DCORP-STD62', 'HOST/DCORP-STD62', 'RestrictedKrbHost/dcorp-std62.dollarcorp.moneycorp.local', 'HOST/dcorp-std62.dollarcorp.moneycorp.local']"
DCORP-STD63.DOLLARCORP.MONEYCORP.LOCAL,DOLLARCORP.MONEYCORP.LOCAL,True,False,False,Windows Server 2022 Standard,,2023-03-28T11:24:43Z,2023-11-18T03:00:03Z,"['TERMSRV/DCORP-STD63', 'TERMSRV/dcorp-std63.dollarcorp.moneycorp.local', 'WSMAN/dcorp-std63', 'WSMAN/dcorp-std63.dollarcorp.moneycorp.local', 'RestrictedKrbHost/DCORP-STD63', 'HOST/DCORP-STD63', 'RestrictedKrbHost/dcorp-std63.dollarcorp.moneycorp.local', 'HOST/dcorp-std63.dollarcorp.moneycorp.local']"
DCORP-STD64.DOLLARCORP.MONEYCORP.LOCAL,DOLLARCORP.MONEYCORP.LOCAL,True,False,False,Windows Server 2022 Standard,,2023-03-28T11:24:54Z,2023-11-18T03:00:00Z,"['WSMAN/dcorp-std64', 'WSMAN/dcorp-std64.dollarcorp.moneycorp.local', 'TERMSRV/DCORP-STD64', 'TERMSRV/dcorp-std64.dollarcorp.moneycorp.local', 'RestrictedKrbHost/DCORP-STD64', 'HOST/DCORP-STD64', 'RestrictedKrbHost/dcorp-std64.dollarcorp.moneycorp.local', 'HOST/dcorp-std64.dollarcorp.moneycorp.local']"
DCORP-STD65.DOLLARCORP.MONEYCORP.LOCAL,DOLLARCORP.MONEYCORP.LOCAL,True,False,False,Windows Server 2022 Standard,,2023-03-28T11:25:05Z,2023-11-18T02:59:46Z,"['WSMAN/dcorp-std65', 'WSMAN/dcorp-std65.dollarcorp.moneycorp.local', 'TERMSRV/DCORP-STD65', 'TERMSRV/dcorp-std65.dollarcorp.moneycorp.local', 'RestrictedKrbHost/DCORP-STD65', 'HOST/DCORP-STD65', 'RestrictedKrbHost/dcorp-std65.dollarcorp.moneycorp.local', 'HOST/dcorp-std65.dollarcorp.moneycorp.local']"
DCORP-STD66.DOLLARCORP.MONEYCORP.LOCAL,DOLLARCORP.MONEYCORP.LOCAL,True,False,False,Windows Server 2022 Standard,,2023-03-28T11:25:16Z,2023-11-18T02:59:53Z,"['WSMAN/dcorp-std66', 'WSMAN/dcorp-std66.dollarcorp.moneycorp.local', 'TERMSRV/DCORP-STD66', 'TERMSRV/dcorp-std66.dollarcorp.moneycorp.local', 'RestrictedKrbHost/DCORP-STD66', 'HOST/DCORP-STD66', 'RestrictedKrbHost/dcorp-std66.dollarcorp.moneycorp.local', 'HOST/dcorp-std66.dollarcorp.moneycorp.local']"
DCORP-STD67.DOLLARCORP.MONEYCORP.LOCAL,DOLLARCORP.MONEYCORP.LOCAL,True,False,False,Windows Server 2022 Standard,,2023-03-28T11:25:28Z,2023-11-18T02:59:46Z,"['WSMAN/dcorp-std67', 'WSMAN/dcorp-std67.dollarcorp.moneycorp.local', 'TERMSRV/DCORP-STD67', 'TERMSRV/dcorp-std67.dollarcorp.moneycorp.local', 'RestrictedKrbHost/DCORP-STD67', 'HOST/DCORP-STD67', 'RestrictedKrbHost/dcorp-std67.dollarcorp.moneycorp.local', 'HOST/dcorp-std67.dollarcorp.moneycorp.local']"
DCORP-STD68.DOLLARCORP.MONEYCORP.LOCAL,DOLLARCORP.MONEYCORP.LOCAL,True,False,False,Windows Server 2022 Standard,,2023-03-28T11:25:40Z,2023-11-18T02:59:54Z,"['WSMAN/dcorp-std68', 'WSMAN/dcorp-std68.dollarcorp.moneycorp.local', 'TERMSRV/DCORP-STD68', 'TERMSRV/dcorp-std68.dollarcorp.moneycorp.local', 'RestrictedKrbHost/DCORP-STD68', 'HOST/DCORP-STD68', 'RestrictedKrbHost/dcorp-std68.dollarcorp.moneycorp.local', 'HOST/dcorp-std68.dollarcorp.moneycorp.local']"
DCORP-STD69.DOLLARCORP.MONEYCORP.LOCAL,DOLLARCORP.MONEYCORP.LOCAL,True,False,False,Windows Server 2022 Standard,,2023-03-28T11:25:50Z,2023-11-18T03:00:18Z,"['WSMAN/dcorp-std69', 'WSMAN/dcorp-std69.dollarcorp.moneycorp.local', 'TERMSRV/DCORP-STD69', 'TERMSRV/dcorp-std69.dollarcorp.moneycorp.local', 'RestrictedKrbHost/DCORP-STD69', 'HOST/DCORP-STD69', 'RestrictedKrbHost/dcorp-std69.dollarcorp.moneycorp.local', 'HOST/dcorp-std69.dollarcorp.moneycorp.local']"
DCORP-STD70.DOLLARCORP.MONEYCORP.LOCAL,DOLLARCORP.MONEYCORP.LOCAL,True,False,False,Windows Server 2022 Standard,,2023-03-28T11:26:02Z,2023-11-18T03:00:02Z,"['TERMSRV/DCORP-STD70', 'TERMSRV/dcorp-std70.dollarcorp.moneycorp.local', 'WSMAN/dcorp-std70', 'WSMAN/dcorp-std70.dollarcorp.moneycorp.local', 'RestrictedKrbHost/DCORP-STD70', 'HOST/DCORP-STD70', 'RestrictedKrbHost/dcorp-std70.dollarcorp.moneycorp.local', 'HOST/dcorp-std70.dollarcorp.moneycorp.local']"
DCORP-STD71.DOLLARCORP.MONEYCORP.LOCAL,DOLLARCORP.MONEYCORP.LOCAL,True,False,False,Windows Server 2022 Standard,,2023-03-28T11:26:13Z,2023-11-18T03:00:06Z,"['WSMAN/dcorp-std71', 'WSMAN/dcorp-std71.dollarcorp.moneycorp.local', 'TERMSRV/DCORP-STD71', 'TERMSRV/dcorp-std71.dollarcorp.moneycorp.local', 'RestrictedKrbHost/DCORP-STD71', 'HOST/DCORP-STD71', 'RestrictedKrbHost/dcorp-std71.dollarcorp.moneycorp.local', 'HOST/dcorp-std71.dollarcorp.moneycorp.local']"
DCORP-STD72.DOLLARCORP.MONEYCORP.LOCAL,DOLLARCORP.MONEYCORP.LOCAL,True,False,False,Windows Server 2022 Standard,,2023-03-28T11:26:24Z,2023-11-18T03:00:16Z,"['WSMAN/dcorp-std72', 'WSMAN/dcorp-std72.dollarcorp.moneycorp.local', 'TERMSRV/DCORP-STD72', 'TERMSRV/dcorp-std72.dollarcorp.moneycorp.local', 'RestrictedKrbHost/DCORP-STD72', 'HOST/DCORP-STD72', 'RestrictedKrbHost/dcorp-std72.dollarcorp.moneycorp.local', 'HOST/dcorp-std72.dollarcorp.moneycorp.local']"
DCORP-STD73.DOLLARCORP.MONEYCORP.LOCAL,DOLLARCORP.MONEYCORP.LOCAL,True,False,False,Windows Server 2022 Standard,,2023-03-28T11:26:35Z,2023-11-18T03:00:41Z,"['WSMAN/dcorp-std73', 'WSMAN/dcorp-std73.dollarcorp.moneycorp.local', 'TERMSRV/DCORP-STD73', 'TERMSRV/dcorp-std73.dollarcorp.moneycorp.local', 'RestrictedKrbHost/DCORP-STD73', 'HOST/DCORP-STD73', 'RestrictedKrbHost/dcorp-std73.dollarcorp.moneycorp.local', 'HOST/dcorp-std73.dollarcorp.moneycorp.local']"
DCORP-STD74.DOLLARCORP.MONEYCORP.LOCAL,DOLLARCORP.MONEYCORP.LOCAL,True,False,False,Windows Server 2022 Standard,,2023-03-28T11:26:46Z,2023-11-18T03:00:37Z,"['WSMAN/dcorp-std74', 'WSMAN/dcorp-std74.dollarcorp.moneycorp.local', 'TERMSRV/DCORP-STD74', 'TERMSRV/dcorp-std74.dollarcorp.moneycorp.local', 'RestrictedKrbHost/DCORP-STD74', 'HOST/DCORP-STD74', 'RestrictedKrbHost/dcorp-std74.dollarcorp.moneycorp.local', 'HOST/dcorp-std74.dollarcorp.moneycorp.local']"
DCORP-STD75.DOLLARCORP.MONEYCORP.LOCAL,DOLLARCORP.MONEYCORP.LOCAL,True,False,False,Windows Server 2022 Standard,,2023-03-28T11:26:57Z,2023-11-18T02:59:43Z,"['WSMAN/dcorp-std75', 'WSMAN/dcorp-std75.dollarcorp.moneycorp.local', 'TERMSRV/DCORP-STD75', 'TERMSRV/dcorp-std75.dollarcorp.moneycorp.local', 'RestrictedKrbHost/DCORP-STD75', 'HOST/DCORP-STD75', 'RestrictedKrbHost/dcorp-std75.dollarcorp.moneycorp.local', 'HOST/dcorp-std75.dollarcorp.moneycorp.local']"
DCORP-STD76.DOLLARCORP.MONEYCORP.LOCAL,DOLLARCORP.MONEYCORP.LOCAL,True,False,False,Windows Server 2022 Standard,,2023-11-14T10:25:19Z,2023-11-18T03:00:27Z,"['WSMAN/dcorp-std76', 'WSMAN/dcorp-std76.dollarcorp.moneycorp.local', 'TERMSRV/DCORP-STD76', 'TERMSRV/dcorp-std76.dollarcorp.moneycorp.local', 'RestrictedKrbHost/DCORP-STD76', 'HOST/DCORP-STD76', 'RestrictedKrbHost/dcorp-std76.dollarcorp.moneycorp.local', 'HOST/dcorp-std76.dollarcorp.moneycorp.local']"
DCORP-STD77.DOLLARCORP.MONEYCORP.LOCAL,DOLLARCORP.MONEYCORP.LOCAL,True,False,False,Windows Server 2022 Standard,,2023-03-28T11:27:16Z,2023-11-18T02:59:42Z,"['TERMSRV/DCORP-STD77', 'TERMSRV/dcorp-std77.dollarcorp.moneycorp.local', 'WSMAN/dcorp-std77', 'WSMAN/dcorp-std77.dollarcorp.moneycorp.local', 'RestrictedKrbHost/DCORP-STD77', 'HOST/DCORP-STD77', 'RestrictedKrbHost/dcorp-std77.dollarcorp.moneycorp.local', 'HOST/dcorp-std77.dollarcorp.moneycorp.local']"
DCORP-STD78.DOLLARCORP.MONEYCORP.LOCAL,DOLLARCORP.MONEYCORP.LOCAL,True,False,False,Windows Server 2022 Standard,,2023-03-28T11:27:26Z,2023-11-18T03:00:05Z,"['WSMAN/dcorp-std78', 'WSMAN/dcorp-std78.dollarcorp.moneycorp.local', 'TERMSRV/DCORP-STD78', 'TERMSRV/dcorp-std78.dollarcorp.moneycorp.local', 'RestrictedKrbHost/DCORP-STD78', 'HOST/DCORP-STD78', 'RestrictedKrbHost/dcorp-std78.dollarcorp.moneycorp.local', 'HOST/dcorp-std78.dollarcorp.moneycorp.local']"
DCORP-STD79.DOLLARCORP.MONEYCORP.LOCAL,DOLLARCORP.MONEYCORP.LOCAL,True,False,False,Windows Server 2022 Standard,,2023-03-28T11:27:35Z,2023-11-18T03:00:18Z,"['WSMAN/dcorp-std79', 'WSMAN/dcorp-std79.dollarcorp.moneycorp.local', 'TERMSRV/DCORP-STD79', 'TERMSRV/dcorp-std79.dollarcorp.moneycorp.local', 'RestrictedKrbHost/DCORP-STD79', 'HOST/DCORP-STD79', 'RestrictedKrbHost/dcorp-std79.dollarcorp.moneycorp.local', 'HOST/dcorp-std79.dollarcorp.moneycorp.local']"
DCORP-STD80.DOLLARCORP.MONEYCORP.LOCAL,DOLLARCORP.MONEYCORP.LOCAL,True,False,False,Windows Server 2022 Standard,,2023-03-28T11:27:45Z,2023-11-18T02:59:59Z,"['WSMAN/dcorp-std80', 'WSMAN/dcorp-std80.dollarcorp.moneycorp.local', 'TERMSRV/DCORP-STD80', 'TERMSRV/dcorp-std80.dollarcorp.moneycorp.local', 'RestrictedKrbHost/DCORP-STD80', 'HOST/DCORP-STD80', 'RestrictedKrbHost/dcorp-std80.dollarcorp.moneycorp.local', 'HOST/dcorp-std80.dollarcorp.moneycorp.local']"
DCORP-STDADMIN.DOLLARCORP.MONEYCORP.LOCAL,DOLLARCORP.MONEYCORP.LOCAL,True,False,False,Windows Server 2022 Standard,,2023-08-29T10:14:03Z,2023-11-18T03:00:30Z,"['WSMAN/dcorp-stdadmin', 'WSMAN/dcorp-stdadmin.dollarcorp.moneycorp.local', 'TERMSRV/DCORP-STDADMIN', 'TERMSRV/dcorp-stdadmin.dollarcorp.moneycorp.local', 'RestrictedKrbHost/DCORP-STDADMIN', 'HOST/DCORP-STDADMIN', 'RestrictedKrbHost/dcorp-stdadmin.dollarcorp.moneycorp.local', 'HOST/dcorp-stdadmin.dollarcorp.moneycorp.local']"
