Name,HighValue,Description,AdminCount
DOMAIN ADMINS@DOLLARCORP.MONEYCORP.LOCAL,True,Designated administrators of the domain,True
ADMINISTRATORS@DOLLARCORP.MONEYCORP.LOCAL,True,Administrators have complete and unrestricted access to the computer/domain,True
RAS AND IAS SERVERS@DOLLARCORP.MONEYCORP.LOCAL,False,Servers in this group can access remote access properties of users,False
READ-ONLY DOMAIN CONTROLLERS@DOLLARCORP.MONEYCORP.LOCAL,False,Members of this group are Read-Only Domain Controllers in the domain,True
RDPUSERS@DOLLARCORP.MONEYCORP.LOCAL,False,RDP Users Group,False
PROTECTED USERS@DOLLARCORP.MONEYCORP.LOCAL,False,Members of this group are afforded additional protections against authentication security threats. See http://go.microsoft.com/fwlink/?LinkId=298939 for more information.,False
KEY ADMINS@DOLLARCORP.MONEYCORP.LOCAL,False,Members of this group can perform administrative actions on key objects within the domain.,True
GROUP POLICY CREATOR OWNERS@DOLLARCORP.MONEYCORP.LOCAL,True,Members in this group can modify group policy for the domain,False
DOMAIN USERS@DOLLARCORP.MONEYCORP.LOCAL,False,All domain users,False
DOMAIN GUESTS@DOLLARCORP.MONEYCORP.LOCAL,False,All domain guests,False
DOMAIN CONTROLLERS@DOLLARCORP.MONEYCORP.LOCAL,True,All domain controllers in the domain,True
DOMAIN COMPUTERS@DOLLARCORP.MONEYCORP.LOCAL,False,All workstations and servers joined to the domain,False
DNSUPDATEPROXY@DOLLARCORP.MONEYCORP.LOCAL,False,DNS clients who are permitted to perform dynamic updates on behalf of some other clients (such as DHCP servers).,False
DNSADMINS@DOLLARCORP.MONEYCORP.LOCAL,False,DNS Administrators Group,False
DENIED RODC PASSWORD REPLICATION GROUP@DOLLARCORP.MONEYCORP.LOCAL,False,Members in this group cannot have their passwords replicated to any read-only domain controllers in the domain,False
CLONEABLE DOMAIN CONTROLLERS@DOLLARCORP.MONEYCORP.LOCAL,False,Members of this group that are domain controllers may be cloned.,False
CERT PUBLISHERS@DOLLARCORP.MONEYCORP.LOCAL,False,Members of this group are permitted to publish certificates to the directory,False
ALLOWED RODC PASSWORD REPLICATION GROUP@DOLLARCORP.MONEYCORP.LOCAL,False,Members in this group can have their passwords replicated to all read-only domain controllers in the domain,False
ACCOUNT OPERATORS@DOLLARCORP.MONEYCORP.LOCAL,True,Members can administer domain user and group accounts,True
TERMINAL SERVER LICENSE SERVERS@DOLLARCORP.MONEYCORP.LOCAL,False,"Members of this group can update user accounts in Active Directory with information about license issuance, for the purpose of tracking and reporting TS Per User CAL usage",False
WINDOWS AUTHORIZATION ACCESS GROUP@DOLLARCORP.MONEYCORP.LOCAL,False,Members of this group have access to the computed tokenGroupsGlobalAndUniversal attribute on User objects,False
PRE-WINDOWS 2000 COMPATIBLE ACCESS@DOLLARCORP.MONEYCORP.LOCAL,False,A backward compatibility group which allows read access on all users and groups in the domain,False
SERVER OPERATORS@DOLLARCORP.MONEYCORP.LOCAL,True,Members can administer domain servers,True
STORAGE REPLICA ADMINISTRATORS@DOLLARCORP.MONEYCORP.LOCAL,False,Members of this group have complete and unrestricted access to all features of Storage Replica.,False
REMOTE MANAGEMENT USERS@DOLLARCORP.MONEYCORP.LOCAL,False,Members of this group can access WMI resources over management protocols (such as WS-Management via the Windows Remote Management service). This applies only to WMI namespaces that grant access to the user.,False
ACCESS CONTROL ASSISTANCE OPERATORS@DOLLARCORP.MONEYCORP.LOCAL,False,Members of this group can remotely query authorization attributes and permissions for resources on this computer.,False
HYPER-V ADMINISTRATORS@DOLLARCORP.MONEYCORP.LOCAL,False,Members of this group have complete and unrestricted access to all features of Hyper-V.,False
RDS ENDPOINT SERVERS@DOLLARCORP.MONEYCORP.LOCAL,False,Servers in this group run virtual machines and host sessions where users RemoteApp programs and personal virtual desktops run. This group needs to be populated on servers running RD Connection Broker. RD Session Host servers and RD Virtualization Host servers used in the deployment need to be in this group.,False
RDS MANAGEMENT SERVERS@DOLLARCORP.MONEYCORP.LOCAL,False,Servers in this group can perform routine administrative actions on servers running Remote Desktop Services. This group needs to be populated on all servers in a Remote Desktop Services deployment. The servers running the RDS Central Management service must be included in this group.,False
CERTIFICATE SERVICE DCOM ACCESS@DOLLARCORP.MONEYCORP.LOCAL,False,Members of this group are allowed to connect to Certification Authorities in the enterprise,False
RDS REMOTE ACCESS SERVERS@DOLLARCORP.MONEYCORP.LOCAL,False,"Servers in this group enable users of RemoteApp programs and personal virtual desktops access to these resources. In Internet-facing deployments, these servers are typically deployed in an edge network. This group needs to be populated on servers running RD Connection Broker. RD Gateway servers and RD Web Access servers used in the deployment need to be in this group.",False
EVENT LOG READERS@DOLLARCORP.MONEYCORP.LOCAL,False,Members of this group can read event logs from local machine,False
CRYPTOGRAPHIC OPERATORS@DOLLARCORP.MONEYCORP.LOCAL,False,Members are authorized to perform cryptographic operations.,False
IIS_IUSRS@DOLLARCORP.MONEYCORP.LOCAL,False,Built-in group used by Internet Information Services.,False
DISTRIBUTED COM USERS@DOLLARCORP.MONEYCORP.LOCAL,False,"Members are allowed to launch, activate and use Distributed COM objects on this machine.",False
PERFORMANCE LOG USERS@DOLLARCORP.MONEYCORP.LOCAL,False,"Members of this group may schedule logging of performance counters, enable trace providers, and collect event traces both locally and via remote access to this computer",False
PERFORMANCE MONITOR USERS@DOLLARCORP.MONEYCORP.LOCAL,False,Members of this group can access performance counter data locally and remotely,False
NETWORK CONFIGURATION OPERATORS@DOLLARCORP.MONEYCORP.LOCAL,False,Members in this group can have some administrative privileges to manage configuration of networking features,False
REMOTE DESKTOP USERS@DOLLARCORP.MONEYCORP.LOCAL,False,Members in this group are granted the right to logon remotely,False
REPLICATOR@DOLLARCORP.MONEYCORP.LOCAL,False,Supports file replication in a domain,True
PRINT OPERATORS@DOLLARCORP.MONEYCORP.LOCAL,True,Members can administer printers installed on domain controllers,True
BACKUP OPERATORS@DOLLARCORP.MONEYCORP.LOCAL,True,Backup Operators can override security restrictions for the sole purpose of backing up or restoring files,True
GUESTS@DOLLARCORP.MONEYCORP.LOCAL,False,"Guests have the same access as members of the Users group by default, except for the Guest account which is further restricted",False
USERS@DOLLARCORP.MONEYCORP.LOCAL,False,Users are prevented from making accidental or intentional system-wide changes and can run most applications,False
ENTERPRISE DOMAIN CONTROLLERS@MONEYCORP.LOCAL,False,,
EVERYONE@DOLLARCORP.MONEYCORP.LOCAL,False,,
AUTHENTICATED USERS@DOLLARCORP.MONEYCORP.LOCAL,False,,
INTERACTIVE@DOLLARCORP.MONEYCORP.LOCAL,False,,
