GPO,HighValue,Path
DEFAULT DOMAIN POLICY@DOLLARCORP.MONEYCORP.LOCAL,False,\\DOLLARCORP.MONEYCORP.LOCAL\SYSVOL\DOLLARCORP.MONEYCORP.LOCAL\POLICIES\{31B2F340-016D-11D2-945F-00C04FB984F9}
SERVERS@DOLLARCORP.MONEYCORP.LOCAL,False,\\DOLLARCORP.MONEYCORP.LOCAL\SYSVOL\DOLLARCORP.MONEYCORP.LOCAL\POLICIES\{308279C1-FFB6-4D52-948C-660B07AC77FB}
APPLOCKER@DOLLARCORP.MONEYCORP.LOCAL,False,\\DOLLARCORP.MONEYCORP.LOCAL\SYSVOL\DOLLARCORP.MONEYCORP.LOCAL\POLICIES\{0D1CC23D-1F20-4EEE-AF64-D99597AE2A6E}
STUDENTS@DOLLARCORP.MONEYCORP.LOCAL,False,\\DOLLARCORP.MONEYCORP.LOCAL\SYSVOL\DOLLARCORP.MONEYCORP.LOCAL\POLICIES\{7478F170-6A0C-490C-B355-9E4618BC785D}
DEFAULT DOMAIN CONTROLLERS POLICY@DOLLARCORP.MONEYCORP.LOCAL,False,\\DOLLARCORP.MONEYCORP.LOCAL\SYSVOL\DOLLARCORP.MONEYCORP.LOCAL\POLICIES\{6AC1786C-016F-11D2-945F-00C04FB984F9}
