User,Group
SVCADMIN@DOLLARCORP.MONEYCORP.LOCAL,DOMAIN ADMINS@DOLLARCORP.MONEYCORP.LOCAL
ADMINISTRATOR@DOLLARCORP.MONEYCORP.LOCAL,DOMAIN ADMINS@DOLLARCORP.MONEYCORP.LOCAL
SVCADMIN@DOLLARCORP.MONEYCORP.LOCAL,ADMINISTRATORS@DOLLARCORP.MONEYCORP.LOCAL
ADMINISTRATOR@DOLLARCORP.MONEYCORP.LOCAL,ADMINISTRATORS@DOLLARCORP.MONEYCORP.LOCAL
ADMINISTRATOR@DOLLARCORP.MONEYCORP.LOCAL,ADMINISTRATORS@DOLLARCORP.MONEYCORP.LOCAL
ADMINISTRATOR@DOLLARCORP.MONEYCORP.LOCAL,GROUP POLICY CREATOR OWNERS@DOLLARCORP.MONEYCORP.LOCAL
