Username,DisplayName,Description,Title,PasswordNeverExpires,PasswordNotRequired,Sensitive,AdminCount,SPNs
VPN80USER@DOLLARCORP.MONEYCORP.LOCAL,VPN80User,,,True,False,False,False,[]
VPN79USER@DOLLARCORP.MONEYCORP.LOCAL,VPN79User,,,True,False,False,False,[]
VPN78USER@DOLLARCORP.MONEYCORP.LOCAL,VPN78User,,,True,False,False,False,[]
VPN77USER@DOLLARCORP.MONEYCORP.LOCAL,VPN77User,,,True,False,False,False,[]
VPN76USER@DOLLARCORP.MONEYCORP.LOCAL,VPN76User,,,True,False,False,False,[]
VPN75USER@DOLLARCORP.MONEYCORP.LOCAL,VPN75User,,,True,False,False,False,[]
VPN74USER@DOLLARCORP.MONEYCORP.LOCAL,VPN74User,,,True,False,False,False,[]
VPN73USER@DOLLARCORP.MONEYCORP.LOCAL,VPN73User,,,True,False,False,False,[]
VPN72USER@DOLLARCORP.MONEYCORP.LOCAL,VPN72User,,,True,False,False,False,[]
VPN71USER@DOLLARCORP.MONEYCORP.LOCAL,VPN71User,,,True,False,False,False,[]
VPN70USER@DOLLARCORP.MONEYCORP.LOCAL,VPN70User,,,True,False,False,False,[]
VPN69USER@DOLLARCORP.MONEYCORP.LOCAL,VPN69User,,,True,False,False,False,[]
VPN68USER@DOLLARCORP.MONEYCORP.LOCAL,VPN68User,,,True,False,False,False,[]
VPN67USER@DOLLARCORP.MONEYCORP.LOCAL,VPN67User,,,True,False,False,False,[]
VPN66USER@DOLLARCORP.MONEYCORP.LOCAL,VPN66User,,,True,False,False,False,[]
VPN65USER@DOLLARCORP.MONEYCORP.LOCAL,VPN65User,,,True,False,False,False,[]
VPN64USER@DOLLARCORP.MONEYCORP.LOCAL,VPN64User,,,True,False,False,False,[]
VPN63USER@DOLLARCORP.MONEYCORP.LOCAL,VPN63User,,,True,False,False,False,[]
VPN62USER@DOLLARCORP.MONEYCORP.LOCAL,VPN62User,,,True,False,False,False,[]
VPN61USER@DOLLARCORP.MONEYCORP.LOCAL,VPN61User,,,True,False,False,False,[]
