Username,DisplayName,Description,Enabled,AdminCount,PassNeverExpire,PWDLastSet,LastLogon
ADMINISTRATOR@DOLLARCORP.MONEYCORP.LOCAL,,Built-in account for administering the computer/domain,True,True,True,2022-11-11T14:33:55Z,2023-11-18T03:00:19Z
KRBTGT@DOLLARCORP.MONEYCORP.LOCAL,,Key Distribution Center Service Account,False,True,False,2022-11-12T05:59:41Z,1970-01-01T00:00:00Z
SQLADMIN@DOLLARCORP.MONEYCORP.LOCAL,sql admin,,True,False,True,2022-11-14T12:37:50Z,2023-11-17T05:44:52Z
WEBSVC@DOLLARCORP.MONEYCORP.LOCAL,web svc,,True,False,True,2022-11-14T12:42:13Z,2022-11-16T12:05:33Z
SRVADMIN@DOLLARCORP.MONEYCORP.LOCAL,srv admin,,True,False,True,2022-11-14T12:50:10Z,2023-11-17T23:16:34Z
APPADMIN@DOLLARCORP.MONEYCORP.LOCAL,app admin,,True,False,True,2022-11-14T12:51:10Z,2023-11-17T06:07:24Z
SVCADMIN@DOLLARCORP.MONEYCORP.LOCAL,svc admin,Account to be used for services which need high privileges.,True,True,True,2022-11-14T17:06:37Z,2023-11-17T17:03:14Z
TESTDA@DOLLARCORP.MONEYCORP.LOCAL,test da,Not what the name implies ;),True,False,True,2022-11-14T17:06:38Z,1970-01-01T00:00:00Z
MGMTADMIN@DOLLARCORP.MONEYCORP.LOCAL,mgmt admin,,True,False,True,2022-11-14T17:07:01Z,2023-11-17T06:19:43Z
CIADMIN@DOLLARCORP.MONEYCORP.LOCAL,ci admin,,True,False,True,2022-11-14T17:07:20Z,2023-11-17T22:00:46Z
SQL1ADMIN@DOLLARCORP.MONEYCORP.LOCAL,sql1 admin,,True,False,True,2022-11-15T03:34:33Z,2023-11-17T05:47:06Z
STUDENTADMIN@DOLLARCORP.MONEYCORP.LOCAL,studentadmin,,True,False,True,2023-03-03T13:29:22Z,2023-11-05T12:02:39Z
CONTROL67USER@DOLLARCORP.MONEYCORP.LOCAL,Control67User,,True,False,True,2023-03-28T10:15:34Z,1970-01-01T00:00:00Z
CONTROL66USER@DOLLARCORP.MONEYCORP.LOCAL,Control66User,,True,False,True,2023-03-28T10:15:34Z,1970-01-01T00:00:00Z
CONTROL65USER@DOLLARCORP.MONEYCORP.LOCAL,Control65User,,True,False,True,2023-03-28T10:15:34Z,1970-01-01T00:00:00Z
CONTROL64USER@DOLLARCORP.MONEYCORP.LOCAL,Control64User,,True,False,True,2023-03-28T10:15:34Z,1970-01-01T00:00:00Z
CONTROL63USER@DOLLARCORP.MONEYCORP.LOCAL,Control63User,,True,False,True,2023-03-28T10:15:34Z,1970-01-01T00:00:00Z
CONTROL62USER@DOLLARCORP.MONEYCORP.LOCAL,Control62User,,True,False,True,2023-03-28T10:15:34Z,1970-01-01T00:00:00Z
CONTROL61USER@DOLLARCORP.MONEYCORP.LOCAL,Control61User,,True,False,True,2023-03-28T10:15:34Z,1970-01-01T00:00:00Z
CONTROL77USER@DOLLARCORP.MONEYCORP.LOCAL,Control77User,,True,False,True,2023-03-28T10:15:35Z,1970-01-01T00:00:00Z
CONTROL76USER@DOLLARCORP.MONEYCORP.LOCAL,Control76User,,True,False,True,2023-03-28T10:15:35Z,1970-01-01T00:00:00Z
CONTROL75USER@DOLLARCORP.MONEYCORP.LOCAL,Control75User,,True,False,True,2023-03-28T10:15:35Z,1970-01-01T00:00:00Z
CONTROL74USER@DOLLARCORP.MONEYCORP.LOCAL,Control74User,,True,False,True,2023-03-28T10:15:35Z,1970-01-01T00:00:00Z
CONTROL73USER@DOLLARCORP.MONEYCORP.LOCAL,Control73User,,True,False,True,2023-03-28T10:15:35Z,1970-01-01T00:00:00Z
CONTROL72USER@DOLLARCORP.MONEYCORP.LOCAL,Control72User,,True,False,True,2023-03-28T10:15:35Z,1970-01-01T00:00:00Z
CONTROL71USER@DOLLARCORP.MONEYCORP.LOCAL,Control71User,,True,False,True,2023-03-28T10:15:35Z,1970-01-01T00:00:00Z
CONTROL70USER@DOLLARCORP.MONEYCORP.LOCAL,Control70User,,True,False,True,2023-03-28T10:15:35Z,1970-01-01T00:00:00Z
CONTROL69USER@DOLLARCORP.MONEYCORP.LOCAL,Control69User,,True,False,True,2023-03-28T10:15:35Z,1970-01-01T00:00:00Z
CONTROL68USER@DOLLARCORP.MONEYCORP.LOCAL,Control68User,,True,False,True,2023-03-28T10:15:35Z,1970-01-01T00:00:00Z
CONTROL80USER@DOLLARCORP.MONEYCORP.LOCAL,Control80User,,True,False,True,2023-03-28T10:15:36Z,1970-01-01T00:00:00Z
CONTROL79USER@DOLLARCORP.MONEYCORP.LOCAL,Control79User,,True,False,True,2023-03-28T10:15:36Z,1970-01-01T00:00:00Z
CONTROL78USER@DOLLARCORP.MONEYCORP.LOCAL,Control78User,,True,False,True,2023-03-28T10:15:36Z,1970-01-01T00:00:00Z
SUPPORT67USER@DOLLARCORP.MONEYCORP.LOCAL,Support67User,,True,False,True,2023-03-28T10:15:41Z,1970-01-01T00:00:00Z
SUPPORT66USER@DOLLARCORP.MONEYCORP.LOCAL,Support66User,,True,False,True,2023-03-28T10:15:41Z,1970-01-01T00:00:00Z
SUPPORT65USER@DOLLARCORP.MONEYCORP.LOCAL,Support65User,,True,False,True,2023-03-28T10:15:41Z,1970-01-01T00:00:00Z
SUPPORT64USER@DOLLARCORP.MONEYCORP.LOCAL,Support64User,,True,False,True,2023-03-28T10:15:41Z,1970-01-01T00:00:00Z
SUPPORT63USER@DOLLARCORP.MONEYCORP.LOCAL,Support63User,,True,False,True,2023-03-28T10:15:41Z,1970-01-01T00:00:00Z
SUPPORT62USER@DOLLARCORP.MONEYCORP.LOCAL,Support62User,,True,False,True,2023-03-28T10:15:41Z,1970-01-01T00:00:00Z
SUPPORT61USER@DOLLARCORP.MONEYCORP.LOCAL,Support61User,,True,False,True,2023-03-28T10:15:41Z,1970-01-01T00:00:00Z
SUPPORT77USER@DOLLARCORP.MONEYCORP.LOCAL,Support77User,,True,False,True,2023-03-28T10:15:42Z,1970-01-01T00:00:00Z
SUPPORT76USER@DOLLARCORP.MONEYCORP.LOCAL,Support76User,,True,False,True,2023-03-28T10:15:42Z,1970-01-01T00:00:00Z
SUPPORT75USER@DOLLARCORP.MONEYCORP.LOCAL,Support75User,,True,False,True,2023-03-28T10:15:42Z,1970-01-01T00:00:00Z
SUPPORT74USER@DOLLARCORP.MONEYCORP.LOCAL,Support74User,,True,False,True,2023-03-28T10:15:42Z,1970-01-01T00:00:00Z
SUPPORT73USER@DOLLARCORP.MONEYCORP.LOCAL,Support73User,,True,False,True,2023-03-28T10:15:42Z,1970-01-01T00:00:00Z
SUPPORT72USER@DOLLARCORP.MONEYCORP.LOCAL,Support72User,,True,False,True,2023-03-28T10:15:42Z,1970-01-01T00:00:00Z
SUPPORT71USER@DOLLARCORP.MONEYCORP.LOCAL,Support71User,,True,False,True,2023-03-28T10:15:42Z,1970-01-01T00:00:00Z
SUPPORT70USER@DOLLARCORP.MONEYCORP.LOCAL,Support70User,,True,False,True,2023-03-28T10:15:42Z,1970-01-01T00:00:00Z
SUPPORT69USER@DOLLARCORP.MONEYCORP.LOCAL,Support69User,,True,False,True,2023-03-28T10:15:42Z,1970-01-01T00:00:00Z
SUPPORT68USER@DOLLARCORP.MONEYCORP.LOCAL,Support68User,,True,False,True,2023-03-28T10:15:42Z,1970-01-01T00:00:00Z
SUPPORT80USER@DOLLARCORP.MONEYCORP.LOCAL,Support80User,,True,False,True,2023-03-28T10:15:43Z,1970-01-01T00:00:00Z
SUPPORT79USER@DOLLARCORP.MONEYCORP.LOCAL,Support79User,,True,False,True,2023-03-28T10:15:43Z,1970-01-01T00:00:00Z
SUPPORT78USER@DOLLARCORP.MONEYCORP.LOCAL,Support78User,,True,False,True,2023-03-28T10:15:43Z,1970-01-01T00:00:00Z
VPN67USER@DOLLARCORP.MONEYCORP.LOCAL,VPN67User,,True,False,True,2023-03-28T10:15:47Z,1970-01-01T00:00:00Z
VPN66USER@DOLLARCORP.MONEYCORP.LOCAL,VPN66User,,True,False,True,2023-03-28T10:15:47Z,1970-01-01T00:00:00Z
VPN65USER@DOLLARCORP.MONEYCORP.LOCAL,VPN65User,,True,False,True,2023-03-28T10:15:47Z,1970-01-01T00:00:00Z
VPN64USER@DOLLARCORP.MONEYCORP.LOCAL,VPN64User,,True,False,True,2023-03-28T10:15:47Z,1970-01-01T00:00:00Z
VPN63USER@DOLLARCORP.MONEYCORP.LOCAL,VPN63User,,True,False,True,2023-03-28T10:15:47Z,1970-01-01T00:00:00Z
VPN62USER@DOLLARCORP.MONEYCORP.LOCAL,VPN62User,,True,False,True,2023-03-28T10:15:47Z,1970-01-01T00:00:00Z
VPN61USER@DOLLARCORP.MONEYCORP.LOCAL,VPN61User,,True,False,True,2023-03-28T10:15:47Z,1970-01-01T00:00:00Z
VPN77USER@DOLLARCORP.MONEYCORP.LOCAL,VPN77User,,True,False,True,2023-03-28T10:15:48Z,1970-01-01T00:00:00Z
VPN76USER@DOLLARCORP.MONEYCORP.LOCAL,VPN76User,,True,False,True,2023-03-28T10:15:48Z,1970-01-01T00:00:00Z
VPN75USER@DOLLARCORP.MONEYCORP.LOCAL,VPN75User,,True,False,True,2023-03-28T10:15:48Z,1970-01-01T00:00:00Z
VPN74USER@DOLLARCORP.MONEYCORP.LOCAL,VPN74User,,True,False,True,2023-03-28T10:15:48Z,1970-01-01T00:00:00Z
VPN73USER@DOLLARCORP.MONEYCORP.LOCAL,VPN73User,,True,False,True,2023-03-28T10:15:48Z,1970-01-01T00:00:00Z
VPN72USER@DOLLARCORP.MONEYCORP.LOCAL,VPN72User,,True,False,True,2023-03-28T10:15:48Z,1970-01-01T00:00:00Z
VPN71USER@DOLLARCORP.MONEYCORP.LOCAL,VPN71User,,True,False,True,2023-03-28T10:15:48Z,1970-01-01T00:00:00Z
VPN70USER@DOLLARCORP.MONEYCORP.LOCAL,VPN70User,,True,False,True,2023-03-28T10:15:48Z,1970-01-01T00:00:00Z
VPN69USER@DOLLARCORP.MONEYCORP.LOCAL,VPN69User,,True,False,True,2023-03-28T10:15:48Z,1970-01-01T00:00:00Z
VPN68USER@DOLLARCORP.MONEYCORP.LOCAL,VPN68User,,True,False,True,2023-03-28T10:15:48Z,1970-01-01T00:00:00Z
VPN80USER@DOLLARCORP.MONEYCORP.LOCAL,VPN80User,,True,False,True,2023-03-28T10:15:49Z,1970-01-01T00:00:00Z
VPN79USER@DOLLARCORP.MONEYCORP.LOCAL,VPN79User,,True,False,True,2023-03-28T10:15:49Z,1970-01-01T00:00:00Z
VPN78USER@DOLLARCORP.MONEYCORP.LOCAL,VPN78User,,True,False,True,2023-03-28T10:15:49Z,1970-01-01T00:00:00Z
STUDENT62@DOLLARCORP.MONEYCORP.LOCAL,student62,,True,False,True,2023-03-28T10:17:12Z,2023-11-17T05:05:20Z
STUDENT61@DOLLARCORP.MONEYCORP.LOCAL,student61,,True,False,True,2023-03-28T10:17:12Z,2023-11-17T13:51:58Z
STUDENT72@DOLLARCORP.MONEYCORP.LOCAL,student72,,True,False,True,2023-03-28T10:17:13Z,2023-11-17T05:05:46Z
STUDENT71@DOLLARCORP.MONEYCORP.LOCAL,student71,,True,False,True,2023-03-28T10:17:13Z,2023-11-17T05:05:43Z
STUDENT70@DOLLARCORP.MONEYCORP.LOCAL,student70,,True,False,True,2023-03-28T10:17:13Z,2023-11-17T11:15:51Z
STUDENT69@DOLLARCORP.MONEYCORP.LOCAL,student69,,True,False,True,2023-03-28T10:17:13Z,2023-11-17T05:05:38Z
STUDENT68@DOLLARCORP.MONEYCORP.LOCAL,student68,,True,False,True,2023-03-28T10:17:13Z,2023-11-17T05:05:35Z
STUDENT67@DOLLARCORP.MONEYCORP.LOCAL,student67,,True,False,True,2023-03-28T10:17:13Z,2023-11-17T05:05:33Z
STUDENT66@DOLLARCORP.MONEYCORP.LOCAL,student66,,True,False,True,2023-03-28T10:17:13Z,2023-11-17T05:05:31Z
STUDENT65@DOLLARCORP.MONEYCORP.LOCAL,student65,,True,False,True,2023-03-28T10:17:13Z,2023-11-17T05:05:28Z
STUDENT64@DOLLARCORP.MONEYCORP.LOCAL,student64,,True,False,True,2023-03-28T10:17:13Z,2023-11-17T05:05:26Z
STUDENT63@DOLLARCORP.MONEYCORP.LOCAL,student63,,True,False,True,2023-03-28T10:17:13Z,2023-11-17T05:05:23Z
STUDENT79@DOLLARCORP.MONEYCORP.LOCAL,student79,,True,False,True,2023-03-28T10:17:14Z,2023-11-17T05:06:02Z
STUDENT78@DOLLARCORP.MONEYCORP.LOCAL,student78,,True,False,True,2023-03-28T10:17:14Z,2023-11-17T05:06:00Z
STUDENT77@DOLLARCORP.MONEYCORP.LOCAL,student77,,True,False,True,2023-03-28T10:17:14Z,2023-11-17T22:24:15Z
STUDENT76@DOLLARCORP.MONEYCORP.LOCAL,student76,,True,False,True,2023-03-28T10:17:14Z,2023-11-17T21:25:34Z
STUDENT75@DOLLARCORP.MONEYCORP.LOCAL,student75,,True,False,True,2023-03-28T10:17:14Z,2023-11-17T05:05:53Z
STUDENT74@DOLLARCORP.MONEYCORP.LOCAL,student74,,True,False,True,2023-03-28T10:17:14Z,2023-11-17T05:05:50Z
STUDENT73@DOLLARCORP.MONEYCORP.LOCAL,student73,,True,False,True,2023-03-28T10:17:14Z,2023-11-18T02:24:21Z
STUDENT80@DOLLARCORP.MONEYCORP.LOCAL,student80,,True,False,True,2023-03-28T10:17:15Z,2023-11-17T14:02:41Z
