{"data":[{"ObjectIdentifier": "S-1-5-21-719815819-3726368948-3917688648-1102", "Properties": {"domain": "DOLLARCORP.MONEYCORP.LOCAL", "domainsid": "S-1-5-21-719815819-3726368948-3917688648", "highvalue": false, "name": "DNSUPDATEPROXY@DOLLARCORP.MONEYCORP.LOCAL", "distinguishedname": "CN=DNSUPDATEPROXY,CN=USERS,DC=DOLLARCORP,DC=MONEYCORP,DC=LOCAL", "admincount": false, "description": "DNS clients who are permitted to perform dynamic updates on behalf of some other clients (such as DHCP servers).", "samaccountname": "DnsUpdateProxy", "whencreated": 1668232826}, "Members": [], "Aces": [{"RightName": "GenericAll", "IsInherited": false, "PrincipalSID": "S-1-5-21-719815819-3726368948-3917688648-512", "PrincipalType": "Group"}, {"RightName": "GenericAll", "IsInherited": false, "PrincipalSID": "DOLLARCORP.MONEYCORP.LOCAL-S-1-5-32-548", "PrincipalType": "Group"}, {"RightName": "GenericAll", "IsInherited": true, "PrincipalSID": "S-1-5-21-335606122-960912869-3279953914-519", "PrincipalType": "Group"}, {"RightName": "GenericWrite", "IsInherited": true, "PrincipalSID": "DOLLARCORP.MONEYCORP.LOCAL-S-1-5-32-544", "PrincipalType": "Group"}, {"RightName": "WriteOwner", "IsInherited": true, "PrincipalSID": "DOLLARCORP.MONEYCORP.LOCAL-S-1-5-32-544", "PrincipalType": "Group"}, {"RightName": "WriteDacl", "IsInherited": true, "PrincipalSID": "DOLLARCORP.MONEYCORP.LOCAL-S-1-5-32-544", "PrincipalType": "Group"}], "IsDeleted": false, "IsACLProtected": false},{"ObjectIdentifier": "S-1-5-21-719815819-3726368948-3917688648-1123", "Properties": {"domain": "DOLLARCORP.MONEYCORP.LOCAL", "domainsid": "S-1-5-21-719815819-3726368948-3917688648", "highvalue": false, "name": "RDPUSERS@DOLLARCORP.MONEYCORP.LOCAL", "distinguishedname": "CN=RDP USERS,CN=USERS,DC=DOLLARCORP,DC=MONEYCORP,DC=LOCAL", "admincount": false, "description": "RDP Users Group", "samaccountname": "RDPUsers", "whencreated": 1668484211}, "Members": [{"ObjectIdentifier": "S-1-5-21-719815819-3726368948-3917688648-5120", "ObjectType": "User"}, {"ObjectIdentifier": "S-1-5-21-719815819-3726368948-3917688648-5119", "ObjectType": "User"}, {"ObjectIdentifier": "S-1-5-21-719815819-3726368948-3917688648-5118", "ObjectType": "User"}, {"ObjectIdentifier": "S-1-5-21-719815819-3726368948-3917688648-5117", "ObjectType": "User"}, {"ObjectIdentifier": "S-1-5-21-719815819-3726368948-3917688648-5116", "ObjectType": "User"}, {"ObjectIdentifier": "S-1-5-21-719815819-3726368948-3917688648-5115", "ObjectType": "User"}, {"ObjectIdentifier": "S-1-5-21-719815819-3726368948-3917688648-5114", "ObjectType": "User"}, {"ObjectIdentifier": "S-1-5-21-719815819-3726368948-3917688648-5113", "ObjectType": "User"}, {"ObjectIdentifier": "S-1-5-21-719815819-3726368948-3917688648-5112", "ObjectType": "User"}, {"ObjectIdentifier": "S-1-5-21-719815819-3726368948-3917688648-5111", "ObjectType": "User"}, {"ObjectIdentifier": "S-1-5-21-719815819-3726368948-3917688648-5110", "ObjectType": "User"}, {"ObjectIdentifier": "S-1-5-21-719815819-3726368948-3917688648-5109", "ObjectType": "User"}, {"ObjectIdentifier": "S-1-5-21-719815819-3726368948-3917688648-5108", "ObjectType": "User"}, {"ObjectIdentifier": "S-1-5-21-719815819-3726368948-3917688648-5107", "ObjectType": "User"}, {"ObjectIdentifier": "S-1-5-21-719815819-3726368948-3917688648-5106", "ObjectType": "User"}, {"ObjectIdentifier": "S-1-5-21-719815819-3726368948-3917688648-5105", "ObjectType": "User"}, {"ObjectIdentifier": "S-1-5-21-719815819-3726368948-3917688648-5104", "ObjectType": "User"}, {"ObjectIdentifier": "S-1-5-21-719815819-3726368948-3917688648-5103", "ObjectType": "User"}, {"ObjectIdentifier": "S-1-5-21-719815819-3726368948-3917688648-5102", "ObjectType": "User"}, {"ObjectIdentifier": "S-1-5-21-719815819-3726368948-3917688648-5101", "ObjectType": "User"}, {"ObjectIdentifier": "S-1-5-21-719815819-3726368948-3917688648-4181", "ObjectType": "User"}], "Aces": [{"RightName": "Owns", "IsInherited": false, "PrincipalSID": "S-1-5-21-719815819-3726368948-3917688648-512", "PrincipalType": "Group"}, {"RightName": "GenericAll", "IsInherited": false, "PrincipalSID": "S-1-5-21-719815819-3726368948-3917688648-512", "PrincipalType": "Group"}, {"RightName": "GenericAll", "IsInherited": false, "PrincipalSID": "DOLLARCORP.MONEYCORP.LOCAL-S-1-5-32-548", "PrincipalType": "Group"}, {"RightName": "GenericAll", "IsInherited": true, "PrincipalSID": "S-1-5-21-335606122-960912869-3279953914-519", "PrincipalType": "Group"}, {"RightName": "GenericWrite", "IsInherited": true, "PrincipalSID": "DOLLARCORP.MONEYCORP.LOCAL-S-1-5-32-544", "PrincipalType": "Group"}, {"RightName": "WriteOwner", "IsInherited": true, "PrincipalSID": "DOLLARCORP.MONEYCORP.LOCAL-S-1-5-32-544", "PrincipalType": "Group"}, {"RightName": "WriteDacl", "IsInherited": true, "PrincipalSID": "DOLLARCORP.MONEYCORP.LOCAL-S-1-5-32-544", "PrincipalType": "Group"}], "IsDeleted": false, "IsACLProtected": false},{"ObjectIdentifier": "S-1-5-21-719815819-3726368948-3917688648-526", "Properties": {"domain": "DOLLARCORP.MONEYCORP.LOCAL", "domainsid": "S-1-5-21-719815819-3726368948-3917688648", "highvalue": false, "name": "KEY ADMINS@DOLLARCORP.MONEYCORP.LOCAL", "distinguishedname": "CN=KEY ADMINS,CN=USERS,DC=DOLLARCORP,DC=MONEYCORP,DC=LOCAL", "admincount": true, "description": "Members of this group can perform administrative actions on key objects within the domain.", "samaccountname": "Key Admins", "whencreated": 1668232781}, "Members": [], "Aces": [{"RightName": "Owns", "IsInherited": false, "PrincipalSID": "S-1-5-21-719815819-3726368948-3917688648-512", "PrincipalType": "Group"}, {"RightName": "GenericWrite", "IsInherited": false, "PrincipalSID": "S-1-5-21-335606122-960912869-3279953914-519", "PrincipalType": "Group"}, {"RightName": "WriteOwner", "IsInherited": false, "PrincipalSID": "S-1-5-21-335606122-960912869-3279953914-519", "PrincipalType": "Group"}, {"RightName": "WriteDacl", "IsInherited": false, "PrincipalSID": "S-1-5-21-335606122-960912869-3279953914-519", "PrincipalType": "Group"}, {"RightName": "GenericWrite", "IsInherited": false, "PrincipalSID": "S-1-5-21-719815819-3726368948-3917688648-512", "PrincipalType": "Group"}, {"RightName": "WriteOwner", "IsInherited": false, "PrincipalSID": "S-1-5-21-719815819-3726368948-3917688648-512", "PrincipalType": "Group"}, {"RightName": "WriteDacl", "IsInherited": false, "PrincipalSID": "S-1-5-21-719815819-3726368948-3917688648-512", "PrincipalType": "Group"}, {"RightName": "GenericWrite", "IsInherited": false, "PrincipalSID": "DOLLARCORP.MONEYCORP.LOCAL-S-1-5-32-544", "PrincipalType": "Group"}, {"RightName": "WriteOwner", "IsInherited": false, "PrincipalSID": "DOLLARCORP.MONEYCORP.LOCAL-S-1-5-32-544", "PrincipalType": "Group"}, {"RightName": "WriteDacl", "IsInherited": false, "PrincipalSID": "DOLLARCORP.MONEYCORP.LOCAL-S-1-5-32-544", "PrincipalType": "Group"}], "IsDeleted": false, "IsACLProtected": true},{"ObjectIdentifier": "S-1-5-21-719815819-3726368948-3917688648-1101", "Properties": {"domain": "DOLLARCORP.MONEYCORP.LOCAL", "domainsid": "S-1-5-21-719815819-3726368948-3917688648", "highvalue": false, "name": "DNSADMINS@DOLLARCORP.MONEYCORP.LOCAL", "distinguishedname": "CN=DNSADMINS,CN=USERS,DC=DOLLARCORP,DC=MONEYCORP,DC=LOCAL", "admincount": false, "description": "DNS Administrators Group", "samaccountname": "DnsAdmins", "whencreated": 1668232824}, "Members": [{"ObjectIdentifier": "S-1-5-21-719815819-3726368948-3917688648-1115", "ObjectType": "User"}], "Aces": [{"RightName": "GenericAll", "IsInherited": false, "PrincipalSID": "S-1-5-21-719815819-3726368948-3917688648-512", "PrincipalType": "Group"}, {"RightName": "GenericAll", "IsInherited": false, "PrincipalSID": "DOLLARCORP.MONEYCORP.LOCAL-S-1-5-32-548", "PrincipalType": "Group"}, {"RightName": "GenericAll", "IsInherited": true, "PrincipalSID": "S-1-5-21-335606122-960912869-3279953914-519", "PrincipalType": "Group"}, {"RightName": "GenericWrite", "IsInherited": true, "PrincipalSID": "DOLLARCORP.MONEYCORP.LOCAL-S-1-5-32-544", "PrincipalType": "Group"}, {"RightName": "WriteOwner", "IsInherited": true, "PrincipalSID": "DOLLARCORP.MONEYCORP.LOCAL-S-1-5-32-544", "PrincipalType": "Group"}, {"RightName": "WriteDacl", "IsInherited": true, "PrincipalSID": "DOLLARCORP.MONEYCORP.LOCAL-S-1-5-32-544", "PrincipalType": "Group"}], "IsDeleted": false, "IsACLProtected": false},{"ObjectIdentifier": "S-1-5-21-719815819-3726368948-3917688648-525", "Properties": {"domain": "DOLLARCORP.MONEYCORP.LOCAL", "domainsid": "S-1-5-21-719815819-3726368948-3917688648", "highvalue": false, "name": "PROTECTED USERS@DOLLARCORP.MONEYCORP.LOCAL", "distinguishedname": "CN=PROTECTED USERS,CN=USERS,DC=DOLLARCORP,DC=MONEYCORP,DC=LOCAL", "admincount": false, "description": "Members of this group are afforded additional protections against authentication security threats. See http://go.microsoft.com/fwlink/?LinkId=298939 for more information.", "samaccountname": "Protected Users", "whencreated": 1668232781}, "Members": [], "Aces": [{"RightName": "Owns", "IsInherited": false, "PrincipalSID": "S-1-5-21-719815819-3726368948-3917688648-512", "PrincipalType": "Group"}, {"RightName": "GenericAll", "IsInherited": false, "PrincipalSID": "S-1-5-21-719815819-3726368948-3917688648-512", "PrincipalType": "Group"}, {"RightName": "GenericAll", "IsInherited": false, "PrincipalSID": "DOLLARCORP.MONEYCORP.LOCAL-S-1-5-32-548", "PrincipalType": "Group"}, {"RightName": "GenericAll", "IsInherited": true, "PrincipalSID": "S-1-5-21-335606122-960912869-3279953914-519", "PrincipalType": "Group"}, {"RightName": "GenericWrite", "IsInherited": true, "PrincipalSID": "DOLLARCORP.MONEYCORP.LOCAL-S-1-5-32-544", "PrincipalType": "Group"}, {"RightName": "WriteOwner", "IsInherited": true, "PrincipalSID": "DOLLARCORP.MONEYCORP.LOCAL-S-1-5-32-544", "PrincipalType": "Group"}, {"RightName": "WriteDacl", "IsInherited": true, "PrincipalSID": "DOLLARCORP.MONEYCORP.LOCAL-S-1-5-32-544", "PrincipalType": "Group"}], "IsDeleted": false, "IsACLProtected": false},{"ObjectIdentifier": "S-1-5-21-719815819-3726368948-3917688648-522", "Properties": {"domain": "DOLLARCORP.MONEYCORP.LOCAL", "domainsid": "S-1-5-21-719815819-3726368948-3917688648", "highvalue": false, "name": "CLONEABLE DOMAIN CONTROLLERS@DOLLARCORP.MONEYCORP.LOCAL", "distinguishedname": "CN=CLONEABLE DOMAIN CONTROLLERS,CN=USERS,DC=DOLLARCORP,DC=MONEYCORP,DC=LOCAL", "admincount": false, "description": "Members of this group that are domain controllers may be cloned.", "samaccountname": "Cloneable Domain Controllers", "whencreated": 1668232781}, "Members": [], "Aces": [{"RightName": "Owns", "IsInherited": false, "PrincipalSID": "S-1-5-21-719815819-3726368948-3917688648-512", "PrincipalType": "Group"}, {"RightName": "GenericAll", "IsInherited": false, "PrincipalSID": "S-1-5-21-719815819-3726368948-3917688648-512", "PrincipalType": "Group"}, {"RightName": "GenericAll", "IsInherited": false, "PrincipalSID": "DOLLARCORP.MONEYCORP.LOCAL-S-1-5-32-548", "PrincipalType": "Group"}, {"RightName": "GenericAll", "IsInherited": true, "PrincipalSID": "S-1-5-21-335606122-960912869-3279953914-519", "PrincipalType": "Group"}, {"RightName": "GenericWrite", "IsInherited": true, "PrincipalSID": "DOLLARCORP.MONEYCORP.LOCAL-S-1-5-32-544", "PrincipalType": "Group"}, {"RightName": "WriteOwner", "IsInherited": true, "PrincipalSID": "DOLLARCORP.MONEYCORP.LOCAL-S-1-5-32-544", "PrincipalType": "Group"}, {"RightName": "WriteDacl", "IsInherited": true, "PrincipalSID": "DOLLARCORP.MONEYCORP.LOCAL-S-1-5-32-544", "PrincipalType": "Group"}], "IsDeleted": false, "IsACLProtected": false},{"ObjectIdentifier": "S-1-5-21-719815819-3726368948-3917688648-521", "Properties": {"domain": "DOLLARCORP.MONEYCORP.LOCAL", "domainsid": "S-1-5-21-719815819-3726368948-3917688648", "highvalue": false, "name": "READ-ONLY DOMAIN CONTROLLERS@DOLLARCORP.MONEYCORP.LOCAL", "distinguishedname": "CN=READ-ONLY DOMAIN CONTROLLERS,CN=USERS,DC=DOLLARCORP,DC=MONEYCORP,DC=LOCAL", "admincount": true, "description": "Members of this group are Read-Only Domain Controllers in the domain", "samaccountname": "Read-only Domain Controllers", "whencreated": 1668232781}, "Members": [], "Aces": [{"RightName": "Owns", "IsInherited": false, "PrincipalSID": "S-1-5-21-719815819-3726368948-3917688648-512", "PrincipalType": "Group"}, {"RightName": "GenericWrite", "IsInherited": false, "PrincipalSID": "S-1-5-21-335606122-960912869-3279953914-519", "PrincipalType": "Group"}, {"RightName": "WriteOwner", "IsInherited": false, "PrincipalSID": "S-1-5-21-335606122-960912869-3279953914-519", "PrincipalType": "Group"}, {"RightName": "WriteDacl", "IsInherited": false, "PrincipalSID": "S-1-5-21-335606122-960912869-3279953914-519", "PrincipalType": "Group"}, {"RightName": "GenericWrite", "IsInherited": false, "PrincipalSID": "S-1-5-21-719815819-3726368948-3917688648-512", "PrincipalType": "Group"}, {"RightName": "WriteOwner", "IsInherited": false, "PrincipalSID": "S-1-5-21-719815819-3726368948-3917688648-512", "PrincipalType": "Group"}, {"RightName": "WriteDacl", "IsInherited": false, "PrincipalSID": "S-1-5-21-719815819-3726368948-3917688648-512", "PrincipalType": "Group"}, {"RightName": "GenericWrite", "IsInherited": false, "PrincipalSID": "DOLLARCORP.MONEYCORP.LOCAL-S-1-5-32-544", "PrincipalType": "Group"}, {"RightName": "WriteOwner", "IsInherited": false, "PrincipalSID": "DOLLARCORP.MONEYCORP.LOCAL-S-1-5-32-544", "PrincipalType": "Group"}, {"RightName": "WriteDacl", "IsInherited": false, "PrincipalSID": "DOLLARCORP.MONEYCORP.LOCAL-S-1-5-32-544", "PrincipalType": "Group"}], "IsDeleted": false, "IsACLProtected": true},{"ObjectIdentifier": "S-1-5-21-719815819-3726368948-3917688648-572", "Properties": {"domain": "DOLLARCORP.MONEYCORP.LOCAL", "domainsid": "S-1-5-21-719815819-3726368948-3917688648", "highvalue": false, "name": "DENIED RODC PASSWORD REPLICATION GROUP@DOLLARCORP.MONEYCORP.LOCAL", "distinguishedname": "CN=DENIED RODC PASSWORD REPLICATION GROUP,CN=USERS,DC=DOLLARCORP,DC=MONEYCORP,DC=LOCAL", "admincount": false, "description": "Members in this group cannot have their passwords replicated to any read-only domain controllers in the domain", "samaccountname": "Denied RODC Password Replication Group", "whencreated": 1668232781}, "Members": [{"ObjectIdentifier": "S-1-5-21-335606122-960912869-3279953914-519", "ObjectType": "Group"}, {"ObjectIdentifier": "S-1-5-21-335606122-960912869-3279953914-518", "ObjectType": "Group"}, {"ObjectIdentifier": "S-1-5-21-719815819-3726368948-3917688648-521", "ObjectType": "Group"}, {"ObjectIdentifier": "S-1-5-21-719815819-3726368948-3917688648-520", "ObjectType": "Group"}, {"ObjectIdentifier": "S-1-5-21-719815819-3726368948-3917688648-512", "ObjectType": "Group"}, {"ObjectIdentifier": "S-1-5-21-719815819-3726368948-3917688648-517", "ObjectType": "Group"}, {"ObjectIdentifier": "S-1-5-21-719815819-3726368948-3917688648-516", "ObjectType": "Group"}, {"ObjectIdentifier": "S-1-5-21-719815819-3726368948-3917688648-502", "ObjectType": "User"}], "Aces": [{"RightName": "Owns", "IsInherited": false, "PrincipalSID": "S-1-5-21-719815819-3726368948-3917688648-512", "PrincipalType": "Group"}, {"RightName": "GenericAll", "IsInherited": false, "PrincipalSID": "S-1-5-21-719815819-3726368948-3917688648-512", "PrincipalType": "Group"}, {"RightName": "GenericAll", "IsInherited": false, "PrincipalSID": "DOLLARCORP.MONEYCORP.LOCAL-S-1-5-32-548", "PrincipalType": "Group"}, {"RightName": "GenericAll", "IsInherited": true, "PrincipalSID": "S-1-5-21-335606122-960912869-3279953914-519", "PrincipalType": "Group"}, {"RightName": "GenericWrite", "IsInherited": true, "PrincipalSID": "DOLLARCORP.MONEYCORP.LOCAL-S-1-5-32-544", "PrincipalType": "Group"}, {"RightName": "WriteOwner", "IsInherited": true, "PrincipalSID": "DOLLARCORP.MONEYCORP.LOCAL-S-1-5-32-544", "PrincipalType": "Group"}, {"RightName": "WriteDacl", "IsInherited": true, "PrincipalSID": "DOLLARCORP.MONEYCORP.LOCAL-S-1-5-32-544", "PrincipalType": "Group"}], "IsDeleted": false, "IsACLProtected": false},{"ObjectIdentifier": "S-1-5-21-719815819-3726368948-3917688648-571", "Properties": {"domain": "DOLLARCORP.MONEYCORP.LOCAL", "domainsid": "S-1-5-21-719815819-3726368948-3917688648", "highvalue": false, "name": "ALLOWED RODC PASSWORD REPLICATION GROUP@DOLLARCORP.MONEYCORP.LOCAL", "distinguishedname": "CN=ALLOWED RODC PASSWORD REPLICATION GROUP,CN=USERS,DC=DOLLARCORP,DC=MONEYCORP,DC=LOCAL", "admincount": false, "description": "Members in this group can have their passwords replicated to all read-only domain controllers in the domain", "samaccountname": "Allowed RODC Password Replication Group", "whencreated": 1668232781}, "Members": [], "Aces": [{"RightName": "Owns", "IsInherited": false, "PrincipalSID": "S-1-5-21-719815819-3726368948-3917688648-512", "PrincipalType": "Group"}, {"RightName": "GenericAll", "IsInherited": false, "PrincipalSID": "S-1-5-21-719815819-3726368948-3917688648-512", "PrincipalType": "Group"}, {"RightName": "GenericAll", "IsInherited": false, "PrincipalSID": "DOLLARCORP.MONEYCORP.LOCAL-S-1-5-32-548", "PrincipalType": "Group"}, {"RightName": "GenericAll", "IsInherited": true, "PrincipalSID": "S-1-5-21-335606122-960912869-3279953914-519", "PrincipalType": "Group"}, {"RightName": "GenericWrite", "IsInherited": true, "PrincipalSID": "DOLLARCORP.MONEYCORP.LOCAL-S-1-5-32-544", "PrincipalType": "Group"}, {"RightName": "WriteOwner", "IsInherited": true, "PrincipalSID": "DOLLARCORP.MONEYCORP.LOCAL-S-1-5-32-544", "PrincipalType": "Group"}, {"RightName": "WriteDacl", "IsInherited": true, "PrincipalSID": "DOLLARCORP.MONEYCORP.LOCAL-S-1-5-32-544", "PrincipalType": "Group"}], "IsDeleted": false, "IsACLProtected": false},{"ObjectIdentifier": "DOLLARCORP.MONEYCORP.LOCAL-S-1-5-32-561", "Properties": {"domain": "DOLLARCORP.MONEYCORP.LOCAL", "domainsid": "S-1-5-21-719815819-3726368948-3917688648", "highvalue": false, "name": "TERMINAL SERVER LICENSE SERVERS@DOLLARCORP.MONEYCORP.LOCAL", "distinguishedname": "CN=TERMINAL SERVER LICENSE SERVERS,CN=BUILTIN,DC=DOLLARCORP,DC=MONEYCORP,DC=LOCAL", "admincount": false, "description": "Members of this group can update user accounts in Active Directory with information about license issuance, for the purpose of tracking and reporting TS Per User CAL usage", "samaccountname": "Terminal Server License Servers", "whencreated": 1668232781}, "Members": [], "Aces": [{"RightName": "Owns", "IsInherited": false, "PrincipalSID": "S-1-5-21-719815819-3726368948-3917688648-512", "PrincipalType": "Group"}, {"RightName": "GenericAll", "IsInherited": false, "PrincipalSID": "S-1-5-21-719815819-3726368948-3917688648-512", "PrincipalType": "Group"}, {"RightName": "GenericAll", "IsInherited": false, "PrincipalSID": "DOLLARCORP.MONEYCORP.LOCAL-S-1-5-32-548", "PrincipalType": "Group"}, {"RightName": "GenericAll", "IsInherited": true, "PrincipalSID": "S-1-5-21-335606122-960912869-3279953914-519", "PrincipalType": "Group"}, {"RightName": "GenericWrite", "IsInherited": true, "PrincipalSID": "DOLLARCORP.MONEYCORP.LOCAL-S-1-5-32-544", "PrincipalType": "Group"}, {"RightName": "WriteOwner", "IsInherited": true, "PrincipalSID": "DOLLARCORP.MONEYCORP.LOCAL-S-1-5-32-544", "PrincipalType": "Group"}, {"RightName": "WriteDacl", "IsInherited": true, "PrincipalSID": "DOLLARCORP.MONEYCORP.LOCAL-S-1-5-32-544", "PrincipalType": "Group"}], "IsDeleted": false, "IsACLProtected": false},{"ObjectIdentifier": "DOLLARCORP.MONEYCORP.LOCAL-S-1-5-32-560", "Properties": {"domain": "DOLLARCORP.MONEYCORP.LOCAL", "domainsid": "S-1-5-21-719815819-3726368948-3917688648", "highvalue": false, "name": "WINDOWS AUTHORIZATION ACCESS GROUP@DOLLARCORP.MONEYCORP.LOCAL", "distinguishedname": "CN=WINDOWS AUTHORIZATION ACCESS GROUP,CN=BUILTIN,DC=DOLLARCORP,DC=MONEYCORP,DC=LOCAL", "admincount": false, "description": "Members of this group have access to the computed tokenGroupsGlobalAndUniversal attribute on User objects", "samaccountname": "Windows Authorization Access Group", "whencreated": 1668232781}, "Members": [{"ObjectIdentifier": "DOLLARCORP.MONEYCORP.LOCAL-S-1-5-9", "ObjectType": "Group"}], "Aces": [{"RightName": "Owns", "IsInherited": false, "PrincipalSID": "S-1-5-21-719815819-3726368948-3917688648-512", "PrincipalType": "Group"}, {"RightName": "GenericAll", "IsInherited": false, "PrincipalSID": "S-1-5-21-719815819-3726368948-3917688648-512", "PrincipalType": "Group"}, {"RightName": "GenericAll", "IsInherited": false, "PrincipalSID": "DOLLARCORP.MONEYCORP.LOCAL-S-1-5-32-548", "PrincipalType": "Group"}, {"RightName": "GenericAll", "IsInherited": true, "PrincipalSID": "S-1-5-21-335606122-960912869-3279953914-519", "PrincipalType": "Group"}, {"RightName": "GenericWrite", "IsInherited": true, "PrincipalSID": "DOLLARCORP.MONEYCORP.LOCAL-S-1-5-32-544", "PrincipalType": "Group"}, {"RightName": "WriteOwner", "IsInherited": true, "PrincipalSID": "DOLLARCORP.MONEYCORP.LOCAL-S-1-5-32-544", "PrincipalType": "Group"}, {"RightName": "WriteDacl", "IsInherited": true, "PrincipalSID": "DOLLARCORP.MONEYCORP.LOCAL-S-1-5-32-544", "PrincipalType": "Group"}], "IsDeleted": false, "IsACLProtected": false},{"ObjectIdentifier": "DOLLARCORP.MONEYCORP.LOCAL-S-1-5-32-554", "Properties": {"domain": "DOLLARCORP.MONEYCORP.LOCAL", "domainsid": "S-1-5-21-719815819-3726368948-3917688648", "highvalue": false, "name": "PRE-WINDOWS 2000 COMPATIBLE ACCESS@DOLLARCORP.MONEYCORP.LOCAL", "distinguishedname": "CN=PRE-WINDOWS 2000 COMPATIBLE ACCESS,CN=BUILTIN,DC=DOLLARCORP,DC=MONEYCORP,DC=LOCAL", "admincount": false, "description": "A backward compatibility group which allows read access on all users and groups in the domain", "samaccountname": "Pre-Windows 2000 Compatible Access", "whencreated": 1668232781}, "Members": [{"ObjectIdentifier": "DOLLARCORP.MONEYCORP.LOCAL-S-1-5-11", "ObjectType": "Group"}], "Aces": [{"RightName": "Owns", "IsInherited": false, "PrincipalSID": "S-1-5-21-719815819-3726368948-3917688648-512", "PrincipalType": "Group"}, {"RightName": "GenericAll", "IsInherited": false, "PrincipalSID": "S-1-5-21-719815819-3726368948-3917688648-512", "PrincipalType": "Group"}, {"RightName": "GenericAll", "IsInherited": false, "PrincipalSID": "DOLLARCORP.MONEYCORP.LOCAL-S-1-5-32-548", "PrincipalType": "Group"}, {"RightName": "GenericAll", "IsInherited": true, "PrincipalSID": "S-1-5-21-335606122-960912869-3279953914-519", "PrincipalType": "Group"}, {"RightName": "GenericWrite", "IsInherited": true, "PrincipalSID": "DOLLARCORP.MONEYCORP.LOCAL-S-1-5-32-544", "PrincipalType": "Group"}, {"RightName": "WriteOwner", "IsInherited": true, "PrincipalSID": "DOLLARCORP.MONEYCORP.LOCAL-S-1-5-32-544", "PrincipalType": "Group"}, {"RightName": "WriteDacl", "IsInherited": true, "PrincipalSID": "DOLLARCORP.MONEYCORP.LOCAL-S-1-5-32-544", "PrincipalType": "Group"}], "IsDeleted": false, "IsACLProtected": false},{"ObjectIdentifier": "DOLLARCORP.MONEYCORP.LOCAL-S-1-5-32-549", "Properties": {"domain": "DOLLARCORP.MONEYCORP.LOCAL", "domainsid": "S-1-5-21-719815819-3726368948-3917688648", "highvalue": true, "name": "SERVER OPERATORS@DOLLARCORP.MONEYCORP.LOCAL", "distinguishedname": "CN=SERVER OPERATORS,CN=BUILTIN,DC=DOLLARCORP,DC=MONEYCORP,DC=LOCAL", "admincount": true, "description": "Members can administer domain servers", "samaccountname": "Server Operators", "whencreated": 1668232781}, "Members": [], "Aces": [{"RightName": "Owns", "IsInherited": false, "PrincipalSID": "S-1-5-21-719815819-3726368948-3917688648-512", "PrincipalType": "Group"}, {"RightName": "GenericWrite", "IsInherited": false, "PrincipalSID": "S-1-5-21-335606122-960912869-3279953914-519", "PrincipalType": "Group"}, {"RightName": "WriteOwner", "IsInherited": false, "PrincipalSID": "S-1-5-21-335606122-960912869-3279953914-519", "PrincipalType": "Group"}, {"RightName": "WriteDacl", "IsInherited": false, "PrincipalSID": "S-1-5-21-335606122-960912869-3279953914-519", "PrincipalType": "Group"}, {"RightName": "GenericWrite", "IsInherited": false, "PrincipalSID": "S-1-5-21-719815819-3726368948-3917688648-512", "PrincipalType": "Group"}, {"RightName": "WriteOwner", "IsInherited": false, "PrincipalSID": "S-1-5-21-719815819-3726368948-3917688648-512", "PrincipalType": "Group"}, {"RightName": "WriteDacl", "IsInherited": false, "PrincipalSID": "S-1-5-21-719815819-3726368948-3917688648-512", "PrincipalType": "Group"}, {"RightName": "GenericWrite", "IsInherited": false, "PrincipalSID": "DOLLARCORP.MONEYCORP.LOCAL-S-1-5-32-544", "PrincipalType": "Group"}, {"RightName": "WriteOwner", "IsInherited": false, "PrincipalSID": "DOLLARCORP.MONEYCORP.LOCAL-S-1-5-32-544", "PrincipalType": "Group"}, {"RightName": "WriteDacl", "IsInherited": false, "PrincipalSID": "DOLLARCORP.MONEYCORP.LOCAL-S-1-5-32-544", "PrincipalType": "Group"}], "IsDeleted": false, "IsACLProtected": true},{"ObjectIdentifier": "DOLLARCORP.MONEYCORP.LOCAL-S-1-5-32-548", "Properties": {"domain": "DOLLARCORP.MONEYCORP.LOCAL", "domainsid": "S-1-5-21-719815819-3726368948-3917688648", "highvalue": true, "name": "ACCOUNT OPERATORS@DOLLARCORP.MONEYCORP.LOCAL", "distinguishedname": "CN=ACCOUNT OPERATORS,CN=BUILTIN,DC=DOLLARCORP,DC=MONEYCORP,DC=LOCAL", "admincount": true, "description": "Members can administer domain user and group accounts", "samaccountname": "Account Operators", "whencreated": 1668232781}, "Members": [], "Aces": [{"RightName": "Owns", "IsInherited": false, "PrincipalSID": "S-1-5-21-719815819-3726368948-3917688648-512", "PrincipalType": "Group"}, {"RightName": "GenericWrite", "IsInherited": false, "PrincipalSID": "S-1-5-21-335606122-960912869-3279953914-519", "PrincipalType": "Group"}, {"RightName": "WriteOwner", "IsInherited": false, "PrincipalSID": "S-1-5-21-335606122-960912869-3279953914-519", "PrincipalType": "Group"}, {"RightName": "WriteDacl", "IsInherited": false, "PrincipalSID": "S-1-5-21-335606122-960912869-3279953914-519", "PrincipalType": "Group"}, {"RightName": "GenericWrite", "IsInherited": false, "PrincipalSID": "S-1-5-21-719815819-3726368948-3917688648-512", "PrincipalType": "Group"}, {"RightName": "WriteOwner", "IsInherited": false, "PrincipalSID": "S-1-5-21-719815819-3726368948-3917688648-512", "PrincipalType": "Group"}, {"RightName": "WriteDacl", "IsInherited": false, "PrincipalSID": "S-1-5-21-719815819-3726368948-3917688648-512", "PrincipalType": "Group"}, {"RightName": "GenericWrite", "IsInherited": false, "PrincipalSID": "DOLLARCORP.MONEYCORP.LOCAL-S-1-5-32-544", "PrincipalType": "Group"}, {"RightName": "WriteOwner", "IsInherited": false, "PrincipalSID": "DOLLARCORP.MONEYCORP.LOCAL-S-1-5-32-544", "PrincipalType": "Group"}, {"RightName": "WriteDacl", "IsInherited": false, "PrincipalSID": "DOLLARCORP.MONEYCORP.LOCAL-S-1-5-32-544", "PrincipalType": "Group"}], "IsDeleted": false, "IsACLProtected": true},{"ObjectIdentifier": "S-1-5-21-719815819-3726368948-3917688648-520", "Properties": {"domain": "DOLLARCORP.MONEYCORP.LOCAL", "domainsid": "S-1-5-21-719815819-3726368948-3917688648", "highvalue": true, "name": "GROUP POLICY CREATOR OWNERS@DOLLARCORP.MONEYCORP.LOCAL", "distinguishedname": "CN=GROUP POLICY CREATOR OWNERS,CN=USERS,DC=DOLLARCORP,DC=MONEYCORP,DC=LOCAL", "admincount": false, "description": "Members in this group can modify group policy for the domain", "samaccountname": "Group Policy Creator Owners", "whencreated": 1668232781}, "Members": [{"ObjectIdentifier": "S-1-5-21-719815819-3726368948-3917688648-500", "ObjectType": "User"}], "Aces": [{"RightName": "Owns", "IsInherited": false, "PrincipalSID": "S-1-5-21-719815819-3726368948-3917688648-512", "PrincipalType": "Group"}, {"RightName": "GenericAll", "IsInherited": false, "PrincipalSID": "S-1-5-21-719815819-3726368948-3917688648-512", "PrincipalType": "Group"}, {"RightName": "GenericAll", "IsInherited": false, "PrincipalSID": "DOLLARCORP.MONEYCORP.LOCAL-S-1-5-32-548", "PrincipalType": "Group"}, {"RightName": "GenericAll", "IsInherited": true, "PrincipalSID": "S-1-5-21-335606122-960912869-3279953914-519", "PrincipalType": "Group"}, {"RightName": "GenericWrite", "IsInherited": true, "PrincipalSID": "DOLLARCORP.MONEYCORP.LOCAL-S-1-5-32-544", "PrincipalType": "Group"}, {"RightName": "WriteOwner", "IsInherited": true, "PrincipalSID": "DOLLARCORP.MONEYCORP.LOCAL-S-1-5-32-544", "PrincipalType": "Group"}, {"RightName": "WriteDacl", "IsInherited": true, "PrincipalSID": "DOLLARCORP.MONEYCORP.LOCAL-S-1-5-32-544", "PrincipalType": "Group"}], "IsDeleted": false, "IsACLProtected": false},{"ObjectIdentifier": "S-1-5-21-719815819-3726368948-3917688648-553", "Properties": {"domain": "DOLLARCORP.MONEYCORP.LOCAL", "domainsid": "S-1-5-21-719815819-3726368948-3917688648", "highvalue": false, "name": "RAS AND IAS SERVERS@DOLLARCORP.MONEYCORP.LOCAL", "distinguishedname": "CN=RAS AND IAS SERVERS,CN=USERS,DC=DOLLARCORP,DC=MONEYCORP,DC=LOCAL", "admincount": false, "description": "Servers in this group can access remote access properties of users", "samaccountname": "RAS and IAS Servers", "whencreated": 1668232781}, "Members": [], "Aces": [{"RightName": "Owns", "IsInherited": false, "PrincipalSID": "S-1-5-21-719815819-3726368948-3917688648-512", "PrincipalType": "Group"}, {"RightName": "GenericAll", "IsInherited": false, "PrincipalSID": "S-1-5-21-719815819-3726368948-3917688648-512", "PrincipalType": "Group"}, {"RightName": "GenericAll", "IsInherited": false, "PrincipalSID": "DOLLARCORP.MONEYCORP.LOCAL-S-1-5-32-548", "PrincipalType": "Group"}, {"RightName": "GenericAll", "IsInherited": true, "PrincipalSID": "S-1-5-21-335606122-960912869-3279953914-519", "PrincipalType": "Group"}, {"RightName": "GenericWrite", "IsInherited": true, "PrincipalSID": "DOLLARCORP.MONEYCORP.LOCAL-S-1-5-32-544", "PrincipalType": "Group"}, {"RightName": "WriteOwner", "IsInherited": true, "PrincipalSID": "DOLLARCORP.MONEYCORP.LOCAL-S-1-5-32-544", "PrincipalType": "Group"}, {"RightName": "WriteDacl", "IsInherited": true, "PrincipalSID": "DOLLARCORP.MONEYCORP.LOCAL-S-1-5-32-544", "PrincipalType": "Group"}], "IsDeleted": false, "IsACLProtected": false},{"ObjectIdentifier": "S-1-5-21-719815819-3726368948-3917688648-514", "Properties": {"domain": "DOLLARCORP.MONEYCORP.LOCAL", "domainsid": "S-1-5-21-719815819-3726368948-3917688648", "highvalue": false, "name": "DOMAIN GUESTS@DOLLARCORP.MONEYCORP.LOCAL", "distinguishedname": "CN=DOMAIN GUESTS,CN=USERS,DC=DOLLARCORP,DC=MONEYCORP,DC=LOCAL", "admincount": false, "description": "All domain guests", "samaccountname": "Domain Guests", "whencreated": 1668232781}, "Members": [], "Aces": [{"RightName": "Owns", "IsInherited": false, "PrincipalSID": "S-1-5-21-719815819-3726368948-3917688648-512", "PrincipalType": "Group"}, {"RightName": "GenericAll", "IsInherited": false, "PrincipalSID": "S-1-5-21-719815819-3726368948-3917688648-512", "PrincipalType": "Group"}, {"RightName": "GenericAll", "IsInherited": false, "PrincipalSID": "DOLLARCORP.MONEYCORP.LOCAL-S-1-5-32-548", "PrincipalType": "Group"}, {"RightName": "GenericAll", "IsInherited": true, "PrincipalSID": "S-1-5-21-335606122-960912869-3279953914-519", "PrincipalType": "Group"}, {"RightName": "GenericWrite", "IsInherited": true, "PrincipalSID": "DOLLARCORP.MONEYCORP.LOCAL-S-1-5-32-544", "PrincipalType": "Group"}, {"RightName": "WriteOwner", "IsInherited": true, "PrincipalSID": "DOLLARCORP.MONEYCORP.LOCAL-S-1-5-32-544", "PrincipalType": "Group"}, {"RightName": "WriteDacl", "IsInherited": true, "PrincipalSID": "DOLLARCORP.MONEYCORP.LOCAL-S-1-5-32-544", "PrincipalType": "Group"}], "IsDeleted": false, "IsACLProtected": false},{"ObjectIdentifier": "S-1-5-21-719815819-3726368948-3917688648-512", "Properties": {"domain": "DOLLARCORP.MONEYCORP.LOCAL", "domainsid": "S-1-5-21-719815819-3726368948-3917688648", "highvalue": true, "name": "DOMAIN ADMINS@DOLLARCORP.MONEYCORP.LOCAL", "distinguishedname": "CN=DOMAIN ADMINS,CN=USERS,DC=DOLLARCORP,DC=MONEYCORP,DC=LOCAL", "admincount": true, "description": "Designated administrators of the domain", "samaccountname": "Domain Admins", "whencreated": 1668232781}, "Members": [{"ObjectIdentifier": "S-1-5-21-719815819-3726368948-3917688648-1118", "ObjectType": "User"}, {"ObjectIdentifier": "S-1-5-21-719815819-3726368948-3917688648-500", "ObjectType": "User"}], "Aces": [{"RightName": "Owns", "IsInherited": false, "PrincipalSID": "S-1-5-21-719815819-3726368948-3917688648-512", "PrincipalType": "Group"}, {"RightName": "GenericWrite", "IsInherited": false, "PrincipalSID": "S-1-5-21-335606122-960912869-3279953914-519", "PrincipalType": "Group"}, {"RightName": "WriteOwner", "IsInherited": false, "PrincipalSID": "S-1-5-21-335606122-960912869-3279953914-519", "PrincipalType": "Group"}, {"RightName": "WriteDacl", "IsInherited": false, "PrincipalSID": "S-1-5-21-335606122-960912869-3279953914-519", "PrincipalType": "Group"}, {"RightName": "GenericWrite", "IsInherited": false, "PrincipalSID": "S-1-5-21-719815819-3726368948-3917688648-512", "PrincipalType": "Group"}, {"RightName": "WriteOwner", "IsInherited": false, "PrincipalSID": "S-1-5-21-719815819-3726368948-3917688648-512", "PrincipalType": "Group"}, {"RightName": "WriteDacl", "IsInherited": false, "PrincipalSID": "S-1-5-21-719815819-3726368948-3917688648-512", "PrincipalType": "Group"}, {"RightName": "GenericWrite", "IsInherited": false, "PrincipalSID": "DOLLARCORP.MONEYCORP.LOCAL-S-1-5-32-544", "PrincipalType": "Group"}, {"RightName": "WriteOwner", "IsInherited": false, "PrincipalSID": "DOLLARCORP.MONEYCORP.LOCAL-S-1-5-32-544", "PrincipalType": "Group"}, {"RightName": "WriteDacl", "IsInherited": false, "PrincipalSID": "DOLLARCORP.MONEYCORP.LOCAL-S-1-5-32-544", "PrincipalType": "Group"}], "IsDeleted": false, "IsACLProtected": true},{"ObjectIdentifier": "S-1-5-21-719815819-3726368948-3917688648-513", "Properties": {"domain": "DOLLARCORP.MONEYCORP.LOCAL", "domainsid": "S-1-5-21-719815819-3726368948-3917688648", "highvalue": false, "name": "DOMAIN USERS@DOLLARCORP.MONEYCORP.LOCAL", "distinguishedname": "CN=DOMAIN USERS,CN=USERS,DC=DOLLARCORP,DC=MONEYCORP,DC=LOCAL", "admincount": false, "description": "All domain users", "samaccountname": "Domain Users", "whencreated": 1668232781}, "Members": [], "Aces": [{"RightName": "Owns", "IsInherited": false, "PrincipalSID": "S-1-5-21-719815819-3726368948-3917688648-512", "PrincipalType": "Group"}, {"RightName": "GenericAll", "IsInherited": false, "PrincipalSID": "S-1-5-21-719815819-3726368948-3917688648-512", "PrincipalType": "Group"}, {"RightName": "GenericAll", "IsInherited": false, "PrincipalSID": "DOLLARCORP.MONEYCORP.LOCAL-S-1-5-32-548", "PrincipalType": "Group"}, {"RightName": "GenericAll", "IsInherited": true, "PrincipalSID": "S-1-5-21-335606122-960912869-3279953914-519", "PrincipalType": "Group"}, {"RightName": "GenericWrite", "IsInherited": true, "PrincipalSID": "DOLLARCORP.MONEYCORP.LOCAL-S-1-5-32-544", "PrincipalType": "Group"}, {"RightName": "WriteOwner", "IsInherited": true, "PrincipalSID": "DOLLARCORP.MONEYCORP.LOCAL-S-1-5-32-544", "PrincipalType": "Group"}, {"RightName": "WriteDacl", "IsInherited": true, "PrincipalSID": "DOLLARCORP.MONEYCORP.LOCAL-S-1-5-32-544", "PrincipalType": "Group"}], "IsDeleted": false, "IsACLProtected": false},{"ObjectIdentifier": "S-1-5-21-719815819-3726368948-3917688648-517", "Properties": {"domain": "DOLLARCORP.MONEYCORP.LOCAL", "domainsid": "S-1-5-21-719815819-3726368948-3917688648", "highvalue": false, "name": "CERT PUBLISHERS@DOLLARCORP.MONEYCORP.LOCAL", "distinguishedname": "CN=CERT PUBLISHERS,CN=USERS,DC=DOLLARCORP,DC=MONEYCORP,DC=LOCAL", "admincount": false, "description": "Members of this group are permitted to publish certificates to the directory", "samaccountname": "Cert Publishers", "whencreated": 1668232781}, "Members": [], "Aces": [{"RightName": "Owns", "IsInherited": false, "PrincipalSID": "S-1-5-21-719815819-3726368948-3917688648-512", "PrincipalType": "Group"}, {"RightName": "GenericAll", "IsInherited": false, "PrincipalSID": "S-1-5-21-719815819-3726368948-3917688648-512", "PrincipalType": "Group"}, {"RightName": "GenericAll", "IsInherited": false, "PrincipalSID": "DOLLARCORP.MONEYCORP.LOCAL-S-1-5-32-548", "PrincipalType": "Group"}, {"RightName": "GenericAll", "IsInherited": true, "PrincipalSID": "S-1-5-21-335606122-960912869-3279953914-519", "PrincipalType": "Group"}, {"RightName": "GenericWrite", "IsInherited": true, "PrincipalSID": "DOLLARCORP.MONEYCORP.LOCAL-S-1-5-32-544", "PrincipalType": "Group"}, {"RightName": "WriteOwner", "IsInherited": true, "PrincipalSID": "DOLLARCORP.MONEYCORP.LOCAL-S-1-5-32-544", "PrincipalType": "Group"}, {"RightName": "WriteDacl", "IsInherited": true, "PrincipalSID": "DOLLARCORP.MONEYCORP.LOCAL-S-1-5-32-544", "PrincipalType": "Group"}], "IsDeleted": false, "IsACLProtected": false},{"ObjectIdentifier": "S-1-5-21-719815819-3726368948-3917688648-516", "Properties": {"domain": "DOLLARCORP.MONEYCORP.LOCAL", "domainsid": "S-1-5-21-719815819-3726368948-3917688648", "highvalue": true, "name": "DOMAIN CONTROLLERS@DOLLARCORP.MONEYCORP.LOCAL", "distinguishedname": "CN=DOMAIN CONTROLLERS,CN=USERS,DC=DOLLARCORP,DC=MONEYCORP,DC=LOCAL", "admincount": true, "description": "All domain controllers in the domain", "samaccountname": "Domain Controllers", "whencreated": 1668232781}, "Members": [], "Aces": [{"RightName": "Owns", "IsInherited": false, "PrincipalSID": "S-1-5-21-719815819-3726368948-3917688648-512", "PrincipalType": "Group"}, {"RightName": "GenericWrite", "IsInherited": false, "PrincipalSID": "S-1-5-21-335606122-960912869-3279953914-519", "PrincipalType": "Group"}, {"RightName": "WriteOwner", "IsInherited": false, "PrincipalSID": "S-1-5-21-335606122-960912869-3279953914-519", "PrincipalType": "Group"}, {"RightName": "WriteDacl", "IsInherited": false, "PrincipalSID": "S-1-5-21-335606122-960912869-3279953914-519", "PrincipalType": "Group"}, {"RightName": "GenericWrite", "IsInherited": false, "PrincipalSID": "S-1-5-21-719815819-3726368948-3917688648-512", "PrincipalType": "Group"}, {"RightName": "WriteOwner", "IsInherited": false, "PrincipalSID": "S-1-5-21-719815819-3726368948-3917688648-512", "PrincipalType": "Group"}, {"RightName": "WriteDacl", "IsInherited": false, "PrincipalSID": "S-1-5-21-719815819-3726368948-3917688648-512", "PrincipalType": "Group"}, {"RightName": "GenericWrite", "IsInherited": false, "PrincipalSID": "DOLLARCORP.MONEYCORP.LOCAL-S-1-5-32-544", "PrincipalType": "Group"}, {"RightName": "WriteOwner", "IsInherited": false, "PrincipalSID": "DOLLARCORP.MONEYCORP.LOCAL-S-1-5-32-544", "PrincipalType": "Group"}, {"RightName": "WriteDacl", "IsInherited": false, "PrincipalSID": "DOLLARCORP.MONEYCORP.LOCAL-S-1-5-32-544", "PrincipalType": "Group"}], "IsDeleted": false, "IsACLProtected": true},{"ObjectIdentifier": "S-1-5-21-719815819-3726368948-3917688648-515", "Properties": {"domain": "DOLLARCORP.MONEYCORP.LOCAL", "domainsid": "S-1-5-21-719815819-3726368948-3917688648", "highvalue": false, "name": "DOMAIN COMPUTERS@DOLLARCORP.MONEYCORP.LOCAL", "distinguishedname": "CN=DOMAIN COMPUTERS,CN=USERS,DC=DOLLARCORP,DC=MONEYCORP,DC=LOCAL", "admincount": false, "description": "All workstations and servers joined to the domain", "samaccountname": "Domain Computers", "whencreated": 1668232781}, "Members": [], "Aces": [{"RightName": "Owns", "IsInherited": false, "PrincipalSID": "S-1-5-21-719815819-3726368948-3917688648-512", "PrincipalType": "Group"}, {"RightName": "GenericAll", "IsInherited": false, "PrincipalSID": "S-1-5-21-719815819-3726368948-3917688648-512", "PrincipalType": "Group"}, {"RightName": "GenericAll", "IsInherited": false, "PrincipalSID": "DOLLARCORP.MONEYCORP.LOCAL-S-1-5-32-548", "PrincipalType": "Group"}, {"RightName": "GenericAll", "IsInherited": true, "PrincipalSID": "S-1-5-21-335606122-960912869-3279953914-519", "PrincipalType": "Group"}, {"RightName": "GenericWrite", "IsInherited": true, "PrincipalSID": "DOLLARCORP.MONEYCORP.LOCAL-S-1-5-32-544", "PrincipalType": "Group"}, {"RightName": "WriteOwner", "IsInherited": true, "PrincipalSID": "DOLLARCORP.MONEYCORP.LOCAL-S-1-5-32-544", "PrincipalType": "Group"}, {"RightName": "WriteDacl", "IsInherited": true, "PrincipalSID": "DOLLARCORP.MONEYCORP.LOCAL-S-1-5-32-544", "PrincipalType": "Group"}], "IsDeleted": false, "IsACLProtected": false},{"ObjectIdentifier": "DOLLARCORP.MONEYCORP.LOCAL-S-1-5-32-582", "Properties": {"domain": "DOLLARCORP.MONEYCORP.LOCAL", "domainsid": "S-1-5-21-719815819-3726368948-3917688648", "highvalue": false, "name": "STORAGE REPLICA ADMINISTRATORS@DOLLARCORP.MONEYCORP.LOCAL", "distinguishedname": "CN=STORAGE REPLICA ADMINISTRATORS,CN=BUILTIN,DC=DOLLARCORP,DC=MONEYCORP,DC=LOCAL", "admincount": false, "description": "Members of this group have complete and unrestricted access to all features of Storage Replica.", "samaccountname": "Storage Replica Administrators", "whencreated": 1668232741}, "Members": [], "Aces": [{"RightName": "Owns", "IsInherited": false, "PrincipalSID": "DOLLARCORP.MONEYCORP.LOCAL-S-1-5-32-544", "PrincipalType": "Group"}, {"RightName": "GenericAll", "IsInherited": false, "PrincipalSID": "S-1-5-21-719815819-3726368948-3917688648-512", "PrincipalType": "Group"}, {"RightName": "GenericAll", "IsInherited": false, "PrincipalSID": "DOLLARCORP.MONEYCORP.LOCAL-S-1-5-32-548", "PrincipalType": "Group"}, {"RightName": "GenericAll", "IsInherited": true, "PrincipalSID": "S-1-5-21-335606122-960912869-3279953914-519", "PrincipalType": "Group"}, {"RightName": "GenericWrite", "IsInherited": true, "PrincipalSID": "DOLLARCORP.MONEYCORP.LOCAL-S-1-5-32-544", "PrincipalType": "Group"}, {"RightName": "WriteOwner", "IsInherited": true, "PrincipalSID": "DOLLARCORP.MONEYCORP.LOCAL-S-1-5-32-544", "PrincipalType": "Group"}, {"RightName": "WriteDacl", "IsInherited": true, "PrincipalSID": "DOLLARCORP.MONEYCORP.LOCAL-S-1-5-32-544", "PrincipalType": "Group"}], "IsDeleted": false, "IsACLProtected": false},{"ObjectIdentifier": "DOLLARCORP.MONEYCORP.LOCAL-S-1-5-32-580", "Properties": {"domain": "DOLLARCORP.MONEYCORP.LOCAL", "domainsid": "S-1-5-21-719815819-3726368948-3917688648", "highvalue": false, "name": "REMOTE MANAGEMENT USERS@DOLLARCORP.MONEYCORP.LOCAL", "distinguishedname": "CN=REMOTE MANAGEMENT USERS,CN=BUILTIN,DC=DOLLARCORP,DC=MONEYCORP,DC=LOCAL", "admincount": false, "description": "Members of this group can access WMI resources over management protocols (such as WS-Management via the Windows Remote Management service). This applies only to WMI namespaces that grant access to the user.", "samaccountname": "Remote Management Users", "whencreated": 1668232741}, "Members": [], "Aces": [{"RightName": "Owns", "IsInherited": false, "PrincipalSID": "DOLLARCORP.MONEYCORP.LOCAL-S-1-5-32-544", "PrincipalType": "Group"}, {"RightName": "GenericAll", "IsInherited": false, "PrincipalSID": "S-1-5-21-719815819-3726368948-3917688648-512", "PrincipalType": "Group"}, {"RightName": "GenericAll", "IsInherited": false, "PrincipalSID": "DOLLARCORP.MONEYCORP.LOCAL-S-1-5-32-548", "PrincipalType": "Group"}, {"RightName": "GenericAll", "IsInherited": true, "PrincipalSID": "S-1-5-21-335606122-960912869-3279953914-519", "PrincipalType": "Group"}, {"RightName": "GenericWrite", "IsInherited": true, "PrincipalSID": "DOLLARCORP.MONEYCORP.LOCAL-S-1-5-32-544", "PrincipalType": "Group"}, {"RightName": "WriteOwner", "IsInherited": true, "PrincipalSID": "DOLLARCORP.MONEYCORP.LOCAL-S-1-5-32-544", "PrincipalType": "Group"}, {"RightName": "WriteDacl", "IsInherited": true, "PrincipalSID": "DOLLARCORP.MONEYCORP.LOCAL-S-1-5-32-544", "PrincipalType": "Group"}], "IsDeleted": false, "IsACLProtected": false},{"ObjectIdentifier": "DOLLARCORP.MONEYCORP.LOCAL-S-1-5-32-579", "Properties": {"domain": "DOLLARCORP.MONEYCORP.LOCAL", "domainsid": "S-1-5-21-719815819-3726368948-3917688648", "highvalue": false, "name": "ACCESS CONTROL ASSISTANCE OPERATORS@DOLLARCORP.MONEYCORP.LOCAL", "distinguishedname": "CN=ACCESS CONTROL ASSISTANCE OPERATORS,CN=BUILTIN,DC=DOLLARCORP,DC=MONEYCORP,DC=LOCAL", "admincount": false, "description": "Members of this group can remotely query authorization attributes and permissions for resources on this computer.", "samaccountname": "Access Control Assistance Operators", "whencreated": 1668232741}, "Members": [], "Aces": [{"RightName": "Owns", "IsInherited": false, "PrincipalSID": "DOLLARCORP.MONEYCORP.LOCAL-S-1-5-32-544", "PrincipalType": "Group"}, {"RightName": "GenericAll", "IsInherited": false, "PrincipalSID": "S-1-5-21-719815819-3726368948-3917688648-512", "PrincipalType": "Group"}, {"RightName": "GenericAll", "IsInherited": false, "PrincipalSID": "DOLLARCORP.MONEYCORP.LOCAL-S-1-5-32-548", "PrincipalType": "Group"}, {"RightName": "GenericAll", "IsInherited": true, "PrincipalSID": "S-1-5-21-335606122-960912869-3279953914-519", "PrincipalType": "Group"}, {"RightName": "GenericWrite", "IsInherited": true, "PrincipalSID": "DOLLARCORP.MONEYCORP.LOCAL-S-1-5-32-544", "PrincipalType": "Group"}, {"RightName": "WriteOwner", "IsInherited": true, "PrincipalSID": "DOLLARCORP.MONEYCORP.LOCAL-S-1-5-32-544", "PrincipalType": "Group"}, {"RightName": "WriteDacl", "IsInherited": true, "PrincipalSID": "DOLLARCORP.MONEYCORP.LOCAL-S-1-5-32-544", "PrincipalType": "Group"}], "IsDeleted": false, "IsACLProtected": false},{"ObjectIdentifier": "DOLLARCORP.MONEYCORP.LOCAL-S-1-5-32-578", "Properties": {"domain": "DOLLARCORP.MONEYCORP.LOCAL", "domainsid": "S-1-5-21-719815819-3726368948-3917688648", "highvalue": false, "name": "HYPER-V ADMINISTRATORS@DOLLARCORP.MONEYCORP.LOCAL", "distinguishedname": "CN=HYPER-V ADMINISTRATORS,CN=BUILTIN,DC=DOLLARCORP,DC=MONEYCORP,DC=LOCAL", "admincount": false, "description": "Members of this group have complete and unrestricted access to all features of Hyper-V.", "samaccountname": "Hyper-V Administrators", "whencreated": 1668232741}, "Members": [], "Aces": [{"RightName": "Owns", "IsInherited": false, "PrincipalSID": "DOLLARCORP.MONEYCORP.LOCAL-S-1-5-32-544", "PrincipalType": "Group"}, {"RightName": "GenericAll", "IsInherited": false, "PrincipalSID": "S-1-5-21-719815819-3726368948-3917688648-512", "PrincipalType": "Group"}, {"RightName": "GenericAll", "IsInherited": false, "PrincipalSID": "DOLLARCORP.MONEYCORP.LOCAL-S-1-5-32-548", "PrincipalType": "Group"}, {"RightName": "GenericAll", "IsInherited": true, "PrincipalSID": "S-1-5-21-335606122-960912869-3279953914-519", "PrincipalType": "Group"}, {"RightName": "GenericWrite", "IsInherited": true, "PrincipalSID": "DOLLARCORP.MONEYCORP.LOCAL-S-1-5-32-544", "PrincipalType": "Group"}, {"RightName": "WriteOwner", "IsInherited": true, "PrincipalSID": "DOLLARCORP.MONEYCORP.LOCAL-S-1-5-32-544", "PrincipalType": "Group"}, {"RightName": "WriteDacl", "IsInherited": true, "PrincipalSID": "DOLLARCORP.MONEYCORP.LOCAL-S-1-5-32-544", "PrincipalType": "Group"}], "IsDeleted": false, "IsACLProtected": false},{"ObjectIdentifier": "DOLLARCORP.MONEYCORP.LOCAL-S-1-5-32-576", "Properties": {"domain": "DOLLARCORP.MONEYCORP.LOCAL", "domainsid": "S-1-5-21-719815819-3726368948-3917688648", "highvalue": false, "name": "RDS ENDPOINT SERVERS@DOLLARCORP.MONEYCORP.LOCAL", "distinguishedname": "CN=RDS ENDPOINT SERVERS,CN=BUILTIN,DC=DOLLARCORP,DC=MONEYCORP,DC=LOCAL", "admincount": false, "description": "Servers in this group run virtual machines and host sessions where users RemoteApp programs and personal virtual desktops run. This group needs to be populated on servers running RD Connection Broker. RD Session Host servers and RD Virtualization Host servers used in the deployment need to be in this group.", "samaccountname": "RDS Endpoint Servers", "whencreated": 1668232741}, "Members": [], "Aces": [{"RightName": "Owns", "IsInherited": false, "PrincipalSID": "DOLLARCORP.MONEYCORP.LOCAL-S-1-5-32-544", "PrincipalType": "Group"}, {"RightName": "GenericAll", "IsInherited": false, "PrincipalSID": "S-1-5-21-719815819-3726368948-3917688648-512", "PrincipalType": "Group"}, {"RightName": "GenericAll", "IsInherited": false, "PrincipalSID": "DOLLARCORP.MONEYCORP.LOCAL-S-1-5-32-548", "PrincipalType": "Group"}, {"RightName": "GenericAll", "IsInherited": true, "PrincipalSID": "S-1-5-21-335606122-960912869-3279953914-519", "PrincipalType": "Group"}, {"RightName": "GenericWrite", "IsInherited": true, "PrincipalSID": "DOLLARCORP.MONEYCORP.LOCAL-S-1-5-32-544", "PrincipalType": "Group"}, {"RightName": "WriteOwner", "IsInherited": true, "PrincipalSID": "DOLLARCORP.MONEYCORP.LOCAL-S-1-5-32-544", "PrincipalType": "Group"}, {"RightName": "WriteDacl", "IsInherited": true, "PrincipalSID": "DOLLARCORP.MONEYCORP.LOCAL-S-1-5-32-544", "PrincipalType": "Group"}], "IsDeleted": false, "IsACLProtected": false},{"ObjectIdentifier": "DOLLARCORP.MONEYCORP.LOCAL-S-1-5-32-577", "Properties": {"domain": "DOLLARCORP.MONEYCORP.LOCAL", "domainsid": "S-1-5-21-719815819-3726368948-3917688648", "highvalue": false, "name": "RDS MANAGEMENT SERVERS@DOLLARCORP.MONEYCORP.LOCAL", "distinguishedname": "CN=RDS MANAGEMENT SERVERS,CN=BUILTIN,DC=DOLLARCORP,DC=MONEYCORP,DC=LOCAL", "admincount": false, "description": "Servers in this group can perform routine administrative actions on servers running Remote Desktop Services. This group needs to be populated on all servers in a Remote Desktop Services deployment. The servers running the RDS Central Management service must be included in this group.", "samaccountname": "RDS Management Servers", "whencreated": 1668232741}, "Members": [], "Aces": [{"RightName": "Owns", "IsInherited": false, "PrincipalSID": "DOLLARCORP.MONEYCORP.LOCAL-S-1-5-32-544", "PrincipalType": "Group"}, {"RightName": "GenericAll", "IsInherited": false, "PrincipalSID": "S-1-5-21-719815819-3726368948-3917688648-512", "PrincipalType": "Group"}, {"RightName": "GenericAll", "IsInherited": false, "PrincipalSID": "DOLLARCORP.MONEYCORP.LOCAL-S-1-5-32-548", "PrincipalType": "Group"}, {"RightName": "GenericAll", "IsInherited": true, "PrincipalSID": "S-1-5-21-335606122-960912869-3279953914-519", "PrincipalType": "Group"}, {"RightName": "GenericWrite", "IsInherited": true, "PrincipalSID": "DOLLARCORP.MONEYCORP.LOCAL-S-1-5-32-544", "PrincipalType": "Group"}, {"RightName": "WriteOwner", "IsInherited": true, "PrincipalSID": "DOLLARCORP.MONEYCORP.LOCAL-S-1-5-32-544", "PrincipalType": "Group"}, {"RightName": "WriteDacl", "IsInherited": true, "PrincipalSID": "DOLLARCORP.MONEYCORP.LOCAL-S-1-5-32-544", "PrincipalType": "Group"}], "IsDeleted": false, "IsACLProtected": false},{"ObjectIdentifier": "DOLLARCORP.MONEYCORP.LOCAL-S-1-5-32-574", "Properties": {"domain": "DOLLARCORP.MONEYCORP.LOCAL", "domainsid": "S-1-5-21-719815819-3726368948-3917688648", "highvalue": false, "name": "CERTIFICATE SERVICE DCOM ACCESS@DOLLARCORP.MONEYCORP.LOCAL", "distinguishedname": "CN=CERTIFICATE SERVICE DCOM ACCESS,CN=BUILTIN,DC=DOLLARCORP,DC=MONEYCORP,DC=LOCAL", "admincount": false, "description": "Members of this group are allowed to connect to Certification Authorities in the enterprise", "samaccountname": "Certificate Service DCOM Access", "whencreated": 1668232741}, "Members": [], "Aces": [{"RightName": "Owns", "IsInherited": false, "PrincipalSID": "DOLLARCORP.MONEYCORP.LOCAL-S-1-5-32-544", "PrincipalType": "Group"}, {"RightName": "GenericAll", "IsInherited": false, "PrincipalSID": "S-1-5-21-719815819-3726368948-3917688648-512", "PrincipalType": "Group"}, {"RightName": "GenericAll", "IsInherited": false, "PrincipalSID": "DOLLARCORP.MONEYCORP.LOCAL-S-1-5-32-548", "PrincipalType": "Group"}, {"RightName": "GenericAll", "IsInherited": true, "PrincipalSID": "S-1-5-21-335606122-960912869-3279953914-519", "PrincipalType": "Group"}, {"RightName": "GenericWrite", "IsInherited": true, "PrincipalSID": "DOLLARCORP.MONEYCORP.LOCAL-S-1-5-32-544", "PrincipalType": "Group"}, {"RightName": "WriteOwner", "IsInherited": true, "PrincipalSID": "DOLLARCORP.MONEYCORP.LOCAL-S-1-5-32-544", "PrincipalType": "Group"}, {"RightName": "WriteDacl", "IsInherited": true, "PrincipalSID": "DOLLARCORP.MONEYCORP.LOCAL-S-1-5-32-544", "PrincipalType": "Group"}], "IsDeleted": false, "IsACLProtected": false},{"ObjectIdentifier": "DOLLARCORP.MONEYCORP.LOCAL-S-1-5-32-575", "Properties": {"domain": "DOLLARCORP.MONEYCORP.LOCAL", "domainsid": "S-1-5-21-719815819-3726368948-3917688648", "highvalue": false, "name": "RDS REMOTE ACCESS SERVERS@DOLLARCORP.MONEYCORP.LOCAL", "distinguishedname": "CN=RDS REMOTE ACCESS SERVERS,CN=BUILTIN,DC=DOLLARCORP,DC=MONEYCORP,DC=LOCAL", "admincount": false, "description": "Servers in this group enable users of RemoteApp programs and personal virtual desktops access to these resources. In Internet-facing deployments, these servers are typically deployed in an edge network. This group needs to be populated on servers running RD Connection Broker. RD Gateway servers and RD Web Access servers used in the deployment need to be in this group.", "samaccountname": "RDS Remote Access Servers", "whencreated": 1668232741}, "Members": [], "Aces": [{"RightName": "Owns", "IsInherited": false, "PrincipalSID": "DOLLARCORP.MONEYCORP.LOCAL-S-1-5-32-544", "PrincipalType": "Group"}, {"RightName": "GenericAll", "IsInherited": false, "PrincipalSID": "S-1-5-21-719815819-3726368948-3917688648-512", "PrincipalType": "Group"}, {"RightName": "GenericAll", "IsInherited": false, "PrincipalSID": "DOLLARCORP.MONEYCORP.LOCAL-S-1-5-32-548", "PrincipalType": "Group"}, {"RightName": "GenericAll", "IsInherited": true, "PrincipalSID": "S-1-5-21-335606122-960912869-3279953914-519", "PrincipalType": "Group"}, {"RightName": "GenericWrite", "IsInherited": true, "PrincipalSID": "DOLLARCORP.MONEYCORP.LOCAL-S-1-5-32-544", "PrincipalType": "Group"}, {"RightName": "WriteOwner", "IsInherited": true, "PrincipalSID": "DOLLARCORP.MONEYCORP.LOCAL-S-1-5-32-544", "PrincipalType": "Group"}, {"RightName": "WriteDacl", "IsInherited": true, "PrincipalSID": "DOLLARCORP.MONEYCORP.LOCAL-S-1-5-32-544", "PrincipalType": "Group"}], "IsDeleted": false, "IsACLProtected": false},{"ObjectIdentifier": "DOLLARCORP.MONEYCORP.LOCAL-S-1-5-32-573", "Properties": {"domain": "DOLLARCORP.MONEYCORP.LOCAL", "domainsid": "S-1-5-21-719815819-3726368948-3917688648", "highvalue": false, "name": "EVENT LOG READERS@DOLLARCORP.MONEYCORP.LOCAL", "distinguishedname": "CN=EVENT LOG READERS,CN=BUILTIN,DC=DOLLARCORP,DC=MONEYCORP,DC=LOCAL", "admincount": false, "description": "Members of this group can read event logs from local machine", "samaccountname": "Event Log Readers", "whencreated": 1668232741}, "Members": [], "Aces": [{"RightName": "Owns", "IsInherited": false, "PrincipalSID": "DOLLARCORP.MONEYCORP.LOCAL-S-1-5-32-544", "PrincipalType": "Group"}, {"RightName": "GenericAll", "IsInherited": false, "PrincipalSID": "S-1-5-21-719815819-3726368948-3917688648-512", "PrincipalType": "Group"}, {"RightName": "GenericAll", "IsInherited": false, "PrincipalSID": "DOLLARCORP.MONEYCORP.LOCAL-S-1-5-32-548", "PrincipalType": "Group"}, {"RightName": "GenericAll", "IsInherited": true, "PrincipalSID": "S-1-5-21-335606122-960912869-3279953914-519", "PrincipalType": "Group"}, {"RightName": "GenericWrite", "IsInherited": true, "PrincipalSID": "DOLLARCORP.MONEYCORP.LOCAL-S-1-5-32-544", "PrincipalType": "Group"}, {"RightName": "WriteOwner", "IsInherited": true, "PrincipalSID": "DOLLARCORP.MONEYCORP.LOCAL-S-1-5-32-544", "PrincipalType": "Group"}, {"RightName": "WriteDacl", "IsInherited": true, "PrincipalSID": "DOLLARCORP.MONEYCORP.LOCAL-S-1-5-32-544", "PrincipalType": "Group"}], "IsDeleted": false, "IsACLProtected": false},{"ObjectIdentifier": "DOLLARCORP.MONEYCORP.LOCAL-S-1-5-32-569", "Properties": {"domain": "DOLLARCORP.MONEYCORP.LOCAL", "domainsid": "S-1-5-21-719815819-3726368948-3917688648", "highvalue": false, "name": "CRYPTOGRAPHIC OPERATORS@DOLLARCORP.MONEYCORP.LOCAL", "distinguishedname": "CN=CRYPTOGRAPHIC OPERATORS,CN=BUILTIN,DC=DOLLARCORP,DC=MONEYCORP,DC=LOCAL", "admincount": false, "description": "Members are authorized to perform cryptographic operations.", "samaccountname": "Cryptographic Operators", "whencreated": 1668232741}, "Members": [], "Aces": [{"RightName": "Owns", "IsInherited": false, "PrincipalSID": "DOLLARCORP.MONEYCORP.LOCAL-S-1-5-32-544", "PrincipalType": "Group"}, {"RightName": "GenericAll", "IsInherited": false, "PrincipalSID": "S-1-5-21-719815819-3726368948-3917688648-512", "PrincipalType": "Group"}, {"RightName": "GenericAll", "IsInherited": false, "PrincipalSID": "DOLLARCORP.MONEYCORP.LOCAL-S-1-5-32-548", "PrincipalType": "Group"}, {"RightName": "GenericAll", "IsInherited": true, "PrincipalSID": "S-1-5-21-335606122-960912869-3279953914-519", "PrincipalType": "Group"}, {"RightName": "GenericWrite", "IsInherited": true, "PrincipalSID": "DOLLARCORP.MONEYCORP.LOCAL-S-1-5-32-544", "PrincipalType": "Group"}, {"RightName": "WriteOwner", "IsInherited": true, "PrincipalSID": "DOLLARCORP.MONEYCORP.LOCAL-S-1-5-32-544", "PrincipalType": "Group"}, {"RightName": "WriteDacl", "IsInherited": true, "PrincipalSID": "DOLLARCORP.MONEYCORP.LOCAL-S-1-5-32-544", "PrincipalType": "Group"}], "IsDeleted": false, "IsACLProtected": false},{"ObjectIdentifier": "DOLLARCORP.MONEYCORP.LOCAL-S-1-5-32-568", "Properties": {"domain": "DOLLARCORP.MONEYCORP.LOCAL", "domainsid": "S-1-5-21-719815819-3726368948-3917688648", "highvalue": false, "name": "IIS_IUSRS@DOLLARCORP.MONEYCORP.LOCAL", "distinguishedname": "CN=IIS_IUSRS,CN=BUILTIN,DC=DOLLARCORP,DC=MONEYCORP,DC=LOCAL", "admincount": false, "description": "Built-in group used by Internet Information Services.", "samaccountname": "IIS_IUSRS", "whencreated": 1668232741}, "Members": [{"ObjectIdentifier": "DOLLARCORP.MONEYCORP.LOCAL-S-1-5-17", "ObjectType": "User"}], "Aces": [{"RightName": "Owns", "IsInherited": false, "PrincipalSID": "DOLLARCORP.MONEYCORP.LOCAL-S-1-5-32-544", "PrincipalType": "Group"}, {"RightName": "GenericAll", "IsInherited": false, "PrincipalSID": "S-1-5-21-719815819-3726368948-3917688648-512", "PrincipalType": "Group"}, {"RightName": "GenericAll", "IsInherited": false, "PrincipalSID": "DOLLARCORP.MONEYCORP.LOCAL-S-1-5-32-548", "PrincipalType": "Group"}, {"RightName": "GenericAll", "IsInherited": true, "PrincipalSID": "S-1-5-21-335606122-960912869-3279953914-519", "PrincipalType": "Group"}, {"RightName": "GenericWrite", "IsInherited": true, "PrincipalSID": "DOLLARCORP.MONEYCORP.LOCAL-S-1-5-32-544", "PrincipalType": "Group"}, {"RightName": "WriteOwner", "IsInherited": true, "PrincipalSID": "DOLLARCORP.MONEYCORP.LOCAL-S-1-5-32-544", "PrincipalType": "Group"}, {"RightName": "WriteDacl", "IsInherited": true, "PrincipalSID": "DOLLARCORP.MONEYCORP.LOCAL-S-1-5-32-544", "PrincipalType": "Group"}], "IsDeleted": false, "IsACLProtected": false},{"ObjectIdentifier": "DOLLARCORP.MONEYCORP.LOCAL-S-1-5-32-562", "Properties": {"domain": "DOLLARCORP.MONEYCORP.LOCAL", "domainsid": "S-1-5-21-719815819-3726368948-3917688648", "highvalue": false, "name": "DISTRIBUTED COM USERS@DOLLARCORP.MONEYCORP.LOCAL", "distinguishedname": "CN=DISTRIBUTED COM USERS,CN=BUILTIN,DC=DOLLARCORP,DC=MONEYCORP,DC=LOCAL", "admincount": false, "description": "Members are allowed to launch, activate and use Distributed COM objects on this machine.", "samaccountname": "Distributed COM Users", "whencreated": 1668232741}, "Members": [], "Aces": [{"RightName": "Owns", "IsInherited": false, "PrincipalSID": "DOLLARCORP.MONEYCORP.LOCAL-S-1-5-32-544", "PrincipalType": "Group"}, {"RightName": "GenericAll", "IsInherited": false, "PrincipalSID": "S-1-5-21-719815819-3726368948-3917688648-512", "PrincipalType": "Group"}, {"RightName": "GenericAll", "IsInherited": false, "PrincipalSID": "DOLLARCORP.MONEYCORP.LOCAL-S-1-5-32-548", "PrincipalType": "Group"}, {"RightName": "GenericAll", "IsInherited": true, "PrincipalSID": "S-1-5-21-335606122-960912869-3279953914-519", "PrincipalType": "Group"}, {"RightName": "GenericWrite", "IsInherited": true, "PrincipalSID": "DOLLARCORP.MONEYCORP.LOCAL-S-1-5-32-544", "PrincipalType": "Group"}, {"RightName": "WriteOwner", "IsInherited": true, "PrincipalSID": "DOLLARCORP.MONEYCORP.LOCAL-S-1-5-32-544", "PrincipalType": "Group"}, {"RightName": "WriteDacl", "IsInherited": true, "PrincipalSID": "DOLLARCORP.MONEYCORP.LOCAL-S-1-5-32-544", "PrincipalType": "Group"}], "IsDeleted": false, "IsACLProtected": false},{"ObjectIdentifier": "DOLLARCORP.MONEYCORP.LOCAL-S-1-5-32-559", "Properties": {"domain": "DOLLARCORP.MONEYCORP.LOCAL", "domainsid": "S-1-5-21-719815819-3726368948-3917688648", "highvalue": false, "name": "PERFORMANCE LOG USERS@DOLLARCORP.MONEYCORP.LOCAL", "distinguishedname": "CN=PERFORMANCE LOG USERS,CN=BUILTIN,DC=DOLLARCORP,DC=MONEYCORP,DC=LOCAL", "admincount": false, "description": "Members of this group may schedule logging of performance counters, enable trace providers, and collect event traces both locally and via remote access to this computer", "samaccountname": "Performance Log Users", "whencreated": 1668232741}, "Members": [], "Aces": [{"RightName": "Owns", "IsInherited": false, "PrincipalSID": "DOLLARCORP.MONEYCORP.LOCAL-S-1-5-32-544", "PrincipalType": "Group"}, {"RightName": "GenericAll", "IsInherited": false, "PrincipalSID": "S-1-5-21-719815819-3726368948-3917688648-512", "PrincipalType": "Group"}, {"RightName": "GenericAll", "IsInherited": false, "PrincipalSID": "DOLLARCORP.MONEYCORP.LOCAL-S-1-5-32-548", "PrincipalType": "Group"}, {"RightName": "GenericAll", "IsInherited": true, "PrincipalSID": "S-1-5-21-335606122-960912869-3279953914-519", "PrincipalType": "Group"}, {"RightName": "GenericWrite", "IsInherited": true, "PrincipalSID": "DOLLARCORP.MONEYCORP.LOCAL-S-1-5-32-544", "PrincipalType": "Group"}, {"RightName": "WriteOwner", "IsInherited": true, "PrincipalSID": "DOLLARCORP.MONEYCORP.LOCAL-S-1-5-32-544", "PrincipalType": "Group"}, {"RightName": "WriteDacl", "IsInherited": true, "PrincipalSID": "DOLLARCORP.MONEYCORP.LOCAL-S-1-5-32-544", "PrincipalType": "Group"}], "IsDeleted": false, "IsACLProtected": false},{"ObjectIdentifier": "DOLLARCORP.MONEYCORP.LOCAL-S-1-5-32-558", "Properties": {"domain": "DOLLARCORP.MONEYCORP.LOCAL", "domainsid": "S-1-5-21-719815819-3726368948-3917688648", "highvalue": false, "name": "PERFORMANCE MONITOR USERS@DOLLARCORP.MONEYCORP.LOCAL", "distinguishedname": "CN=PERFORMANCE MONITOR USERS,CN=BUILTIN,DC=DOLLARCORP,DC=MONEYCORP,DC=LOCAL", "admincount": false, "description": "Members of this group can access performance counter data locally and remotely", "samaccountname": "Performance Monitor Users", "whencreated": 1668232741}, "Members": [], "Aces": [{"RightName": "Owns", "IsInherited": false, "PrincipalSID": "DOLLARCORP.MONEYCORP.LOCAL-S-1-5-32-544", "PrincipalType": "Group"}, {"RightName": "GenericAll", "IsInherited": false, "PrincipalSID": "S-1-5-21-719815819-3726368948-3917688648-512", "PrincipalType": "Group"}, {"RightName": "GenericAll", "IsInherited": false, "PrincipalSID": "DOLLARCORP.MONEYCORP.LOCAL-S-1-5-32-548", "PrincipalType": "Group"}, {"RightName": "GenericAll", "IsInherited": true, "PrincipalSID": "S-1-5-21-335606122-960912869-3279953914-519", "PrincipalType": "Group"}, {"RightName": "GenericWrite", "IsInherited": true, "PrincipalSID": "DOLLARCORP.MONEYCORP.LOCAL-S-1-5-32-544", "PrincipalType": "Group"}, {"RightName": "WriteOwner", "IsInherited": true, "PrincipalSID": "DOLLARCORP.MONEYCORP.LOCAL-S-1-5-32-544", "PrincipalType": "Group"}, {"RightName": "WriteDacl", "IsInherited": true, "PrincipalSID": "DOLLARCORP.MONEYCORP.LOCAL-S-1-5-32-544", "PrincipalType": "Group"}], "IsDeleted": false, "IsACLProtected": false},{"ObjectIdentifier": "DOLLARCORP.MONEYCORP.LOCAL-S-1-5-32-556", "Properties": {"domain": "DOLLARCORP.MONEYCORP.LOCAL", "domainsid": "S-1-5-21-719815819-3726368948-3917688648", "highvalue": false, "name": "NETWORK CONFIGURATION OPERATORS@DOLLARCORP.MONEYCORP.LOCAL", "distinguishedname": "CN=NETWORK CONFIGURATION OPERATORS,CN=BUILTIN,DC=DOLLARCORP,DC=MONEYCORP,DC=LOCAL", "admincount": false, "description": "Members in this group can have some administrative privileges to manage configuration of networking features", "samaccountname": "Network Configuration Operators", "whencreated": 1668232741}, "Members": [], "Aces": [{"RightName": "Owns", "IsInherited": false, "PrincipalSID": "DOLLARCORP.MONEYCORP.LOCAL-S-1-5-32-544", "PrincipalType": "Group"}, {"RightName": "GenericAll", "IsInherited": false, "PrincipalSID": "S-1-5-21-719815819-3726368948-3917688648-512", "PrincipalType": "Group"}, {"RightName": "GenericAll", "IsInherited": false, "PrincipalSID": "DOLLARCORP.MONEYCORP.LOCAL-S-1-5-32-548", "PrincipalType": "Group"}, {"RightName": "GenericAll", "IsInherited": true, "PrincipalSID": "S-1-5-21-335606122-960912869-3279953914-519", "PrincipalType": "Group"}, {"RightName": "GenericWrite", "IsInherited": true, "PrincipalSID": "DOLLARCORP.MONEYCORP.LOCAL-S-1-5-32-544", "PrincipalType": "Group"}, {"RightName": "WriteOwner", "IsInherited": true, "PrincipalSID": "DOLLARCORP.MONEYCORP.LOCAL-S-1-5-32-544", "PrincipalType": "Group"}, {"RightName": "WriteDacl", "IsInherited": true, "PrincipalSID": "DOLLARCORP.MONEYCORP.LOCAL-S-1-5-32-544", "PrincipalType": "Group"}], "IsDeleted": false, "IsACLProtected": false},{"ObjectIdentifier": "DOLLARCORP.MONEYCORP.LOCAL-S-1-5-32-555", "Properties": {"domain": "DOLLARCORP.MONEYCORP.LOCAL", "domainsid": "S-1-5-21-719815819-3726368948-3917688648", "highvalue": false, "name": "REMOTE DESKTOP USERS@DOLLARCORP.MONEYCORP.LOCAL", "distinguishedname": "CN=REMOTE DESKTOP USERS,CN=BUILTIN,DC=DOLLARCORP,DC=MONEYCORP,DC=LOCAL", "admincount": false, "description": "Members in this group are granted the right to logon remotely", "samaccountname": "Remote Desktop Users", "whencreated": 1668232741}, "Members": [], "Aces": [{"RightName": "Owns", "IsInherited": false, "PrincipalSID": "DOLLARCORP.MONEYCORP.LOCAL-S-1-5-32-544", "PrincipalType": "Group"}, {"RightName": "GenericAll", "IsInherited": false, "PrincipalSID": "S-1-5-21-719815819-3726368948-3917688648-512", "PrincipalType": "Group"}, {"RightName": "GenericAll", "IsInherited": false, "PrincipalSID": "DOLLARCORP.MONEYCORP.LOCAL-S-1-5-32-548", "PrincipalType": "Group"}, {"RightName": "GenericAll", "IsInherited": true, "PrincipalSID": "S-1-5-21-335606122-960912869-3279953914-519", "PrincipalType": "Group"}, {"RightName": "GenericWrite", "IsInherited": true, "PrincipalSID": "DOLLARCORP.MONEYCORP.LOCAL-S-1-5-32-544", "PrincipalType": "Group"}, {"RightName": "WriteOwner", "IsInherited": true, "PrincipalSID": "DOLLARCORP.MONEYCORP.LOCAL-S-1-5-32-544", "PrincipalType": "Group"}, {"RightName": "WriteDacl", "IsInherited": true, "PrincipalSID": "DOLLARCORP.MONEYCORP.LOCAL-S-1-5-32-544", "PrincipalType": "Group"}], "IsDeleted": false, "IsACLProtected": false},{"ObjectIdentifier": "DOLLARCORP.MONEYCORP.LOCAL-S-1-5-32-552", "Properties": {"domain": "DOLLARCORP.MONEYCORP.LOCAL", "domainsid": "S-1-5-21-719815819-3726368948-3917688648", "highvalue": false, "name": "REPLICATOR@DOLLARCORP.MONEYCORP.LOCAL", "distinguishedname": "CN=REPLICATOR,CN=BUILTIN,DC=DOLLARCORP,DC=MONEYCORP,DC=LOCAL", "admincount": true, "description": "Supports file replication in a domain", "samaccountname": "Replicator", "whencreated": 1668232741}, "Members": [], "Aces": [{"RightName": "Owns", "IsInherited": false, "PrincipalSID": "S-1-5-21-719815819-3726368948-3917688648-512", "PrincipalType": "Group"}, {"RightName": "GenericWrite", "IsInherited": false, "PrincipalSID": "S-1-5-21-335606122-960912869-3279953914-519", "PrincipalType": "Group"}, {"RightName": "WriteOwner", "IsInherited": false, "PrincipalSID": "S-1-5-21-335606122-960912869-3279953914-519", "PrincipalType": "Group"}, {"RightName": "WriteDacl", "IsInherited": false, "PrincipalSID": "S-1-5-21-335606122-960912869-3279953914-519", "PrincipalType": "Group"}, {"RightName": "GenericWrite", "IsInherited": false, "PrincipalSID": "S-1-5-21-719815819-3726368948-3917688648-512", "PrincipalType": "Group"}, {"RightName": "WriteOwner", "IsInherited": false, "PrincipalSID": "S-1-5-21-719815819-3726368948-3917688648-512", "PrincipalType": "Group"}, {"RightName": "WriteDacl", "IsInherited": false, "PrincipalSID": "S-1-5-21-719815819-3726368948-3917688648-512", "PrincipalType": "Group"}, {"RightName": "GenericWrite", "IsInherited": false, "PrincipalSID": "DOLLARCORP.MONEYCORP.LOCAL-S-1-5-32-544", "PrincipalType": "Group"}, {"RightName": "WriteOwner", "IsInherited": false, "PrincipalSID": "DOLLARCORP.MONEYCORP.LOCAL-S-1-5-32-544", "PrincipalType": "Group"}, {"RightName": "WriteDacl", "IsInherited": false, "PrincipalSID": "DOLLARCORP.MONEYCORP.LOCAL-S-1-5-32-544", "PrincipalType": "Group"}], "IsDeleted": false, "IsACLProtected": true},{"ObjectIdentifier": "DOLLARCORP.MONEYCORP.LOCAL-S-1-5-32-550", "Properties": {"domain": "DOLLARCORP.MONEYCORP.LOCAL", "domainsid": "S-1-5-21-719815819-3726368948-3917688648", "highvalue": true, "name": "PRINT OPERATORS@DOLLARCORP.MONEYCORP.LOCAL", "distinguishedname": "CN=PRINT OPERATORS,CN=BUILTIN,DC=DOLLARCORP,DC=MONEYCORP,DC=LOCAL", "admincount": true, "description": "Members can administer printers installed on domain controllers", "samaccountname": "Print Operators", "whencreated": 1668232741}, "Members": [], "Aces": [{"RightName": "Owns", "IsInherited": false, "PrincipalSID": "S-1-5-21-719815819-3726368948-3917688648-512", "PrincipalType": "Group"}, {"RightName": "GenericWrite", "IsInherited": false, "PrincipalSID": "S-1-5-21-335606122-960912869-3279953914-519", "PrincipalType": "Group"}, {"RightName": "WriteOwner", "IsInherited": false, "PrincipalSID": "S-1-5-21-335606122-960912869-3279953914-519", "PrincipalType": "Group"}, {"RightName": "WriteDacl", "IsInherited": false, "PrincipalSID": "S-1-5-21-335606122-960912869-3279953914-519", "PrincipalType": "Group"}, {"RightName": "GenericWrite", "IsInherited": false, "PrincipalSID": "S-1-5-21-719815819-3726368948-3917688648-512", "PrincipalType": "Group"}, {"RightName": "WriteOwner", "IsInherited": false, "PrincipalSID": "S-1-5-21-719815819-3726368948-3917688648-512", "PrincipalType": "Group"}, {"RightName": "WriteDacl", "IsInherited": false, "PrincipalSID": "S-1-5-21-719815819-3726368948-3917688648-512", "PrincipalType": "Group"}, {"RightName": "GenericWrite", "IsInherited": false, "PrincipalSID": "DOLLARCORP.MONEYCORP.LOCAL-S-1-5-32-544", "PrincipalType": "Group"}, {"RightName": "WriteOwner", "IsInherited": false, "PrincipalSID": "DOLLARCORP.MONEYCORP.LOCAL-S-1-5-32-544", "PrincipalType": "Group"}, {"RightName": "WriteDacl", "IsInherited": false, "PrincipalSID": "DOLLARCORP.MONEYCORP.LOCAL-S-1-5-32-544", "PrincipalType": "Group"}], "IsDeleted": false, "IsACLProtected": true},{"ObjectIdentifier": "DOLLARCORP.MONEYCORP.LOCAL-S-1-5-32-551", "Properties": {"domain": "DOLLARCORP.MONEYCORP.LOCAL", "domainsid": "S-1-5-21-719815819-3726368948-3917688648", "highvalue": true, "name": "BACKUP OPERATORS@DOLLARCORP.MONEYCORP.LOCAL", "distinguishedname": "CN=BACKUP OPERATORS,CN=BUILTIN,DC=DOLLARCORP,DC=MONEYCORP,DC=LOCAL", "admincount": true, "description": "Backup Operators can override security restrictions for the sole purpose of backing up or restoring files", "samaccountname": "Backup Operators", "whencreated": 1668232741}, "Members": [], "Aces": [{"RightName": "Owns", "IsInherited": false, "PrincipalSID": "S-1-5-21-719815819-3726368948-3917688648-512", "PrincipalType": "Group"}, {"RightName": "GenericWrite", "IsInherited": false, "PrincipalSID": "S-1-5-21-335606122-960912869-3279953914-519", "PrincipalType": "Group"}, {"RightName": "WriteOwner", "IsInherited": false, "PrincipalSID": "S-1-5-21-335606122-960912869-3279953914-519", "PrincipalType": "Group"}, {"RightName": "WriteDacl", "IsInherited": false, "PrincipalSID": "S-1-5-21-335606122-960912869-3279953914-519", "PrincipalType": "Group"}, {"RightName": "GenericWrite", "IsInherited": false, "PrincipalSID": "S-1-5-21-719815819-3726368948-3917688648-512", "PrincipalType": "Group"}, {"RightName": "WriteOwner", "IsInherited": false, "PrincipalSID": "S-1-5-21-719815819-3726368948-3917688648-512", "PrincipalType": "Group"}, {"RightName": "WriteDacl", "IsInherited": false, "PrincipalSID": "S-1-5-21-719815819-3726368948-3917688648-512", "PrincipalType": "Group"}, {"RightName": "GenericWrite", "IsInherited": false, "PrincipalSID": "DOLLARCORP.MONEYCORP.LOCAL-S-1-5-32-544", "PrincipalType": "Group"}, {"RightName": "WriteOwner", "IsInherited": false, "PrincipalSID": "DOLLARCORP.MONEYCORP.LOCAL-S-1-5-32-544", "PrincipalType": "Group"}, {"RightName": "WriteDacl", "IsInherited": false, "PrincipalSID": "DOLLARCORP.MONEYCORP.LOCAL-S-1-5-32-544", "PrincipalType": "Group"}], "IsDeleted": false, "IsACLProtected": true},{"ObjectIdentifier": "DOLLARCORP.MONEYCORP.LOCAL-S-1-5-32-546", "Properties": {"domain": "DOLLARCORP.MONEYCORP.LOCAL", "domainsid": "S-1-5-21-719815819-3726368948-3917688648", "highvalue": false, "name": "GUESTS@DOLLARCORP.MONEYCORP.LOCAL", "distinguishedname": "CN=GUESTS,CN=BUILTIN,DC=DOLLARCORP,DC=MONEYCORP,DC=LOCAL", "admincount": false, "description": "Guests have the same access as members of the Users group by default, except for the Guest account which is further restricted", "samaccountname": "Guests", "whencreated": 1668232741}, "Members": [{"ObjectIdentifier": "S-1-5-21-719815819-3726368948-3917688648-514", "ObjectType": "Group"}, {"ObjectIdentifier": "S-1-5-21-719815819-3726368948-3917688648-501", "ObjectType": "User"}], "Aces": [{"RightName": "Owns", "IsInherited": false, "PrincipalSID": "DOLLARCORP.MONEYCORP.LOCAL-S-1-5-32-544", "PrincipalType": "Group"}, {"RightName": "GenericAll", "IsInherited": false, "PrincipalSID": "S-1-5-21-719815819-3726368948-3917688648-512", "PrincipalType": "Group"}, {"RightName": "GenericAll", "IsInherited": false, "PrincipalSID": "DOLLARCORP.MONEYCORP.LOCAL-S-1-5-32-548", "PrincipalType": "Group"}, {"RightName": "GenericAll", "IsInherited": true, "PrincipalSID": "S-1-5-21-335606122-960912869-3279953914-519", "PrincipalType": "Group"}, {"RightName": "GenericWrite", "IsInherited": true, "PrincipalSID": "DOLLARCORP.MONEYCORP.LOCAL-S-1-5-32-544", "PrincipalType": "Group"}, {"RightName": "WriteOwner", "IsInherited": true, "PrincipalSID": "DOLLARCORP.MONEYCORP.LOCAL-S-1-5-32-544", "PrincipalType": "Group"}, {"RightName": "WriteDacl", "IsInherited": true, "PrincipalSID": "DOLLARCORP.MONEYCORP.LOCAL-S-1-5-32-544", "PrincipalType": "Group"}], "IsDeleted": false, "IsACLProtected": false},{"ObjectIdentifier": "DOLLARCORP.MONEYCORP.LOCAL-S-1-5-32-545", "Properties": {"domain": "DOLLARCORP.MONEYCORP.LOCAL", "domainsid": "S-1-5-21-719815819-3726368948-3917688648", "highvalue": false, "name": "USERS@DOLLARCORP.MONEYCORP.LOCAL", "distinguishedname": "CN=USERS,CN=BUILTIN,DC=DOLLARCORP,DC=MONEYCORP,DC=LOCAL", "admincount": false, "description": "Users are prevented from making accidental or intentional system-wide changes and can run most applications", "samaccountname": "Users", "whencreated": 1668232741}, "Members": [{"ObjectIdentifier": "S-1-5-21-719815819-3726368948-3917688648-513", "ObjectType": "Group"}, {"ObjectIdentifier": "DOLLARCORP.MONEYCORP.LOCAL-S-1-5-11", "ObjectType": "Group"}, {"ObjectIdentifier": "DOLLARCORP.MONEYCORP.LOCAL-S-1-5-4", "ObjectType": "Group"}], "Aces": [{"RightName": "Owns", "IsInherited": false, "PrincipalSID": "DOLLARCORP.MONEYCORP.LOCAL-S-1-5-32-544", "PrincipalType": "Group"}, {"RightName": "GenericAll", "IsInherited": false, "PrincipalSID": "S-1-5-21-719815819-3726368948-3917688648-512", "PrincipalType": "Group"}, {"RightName": "GenericAll", "IsInherited": false, "PrincipalSID": "DOLLARCORP.MONEYCORP.LOCAL-S-1-5-32-548", "PrincipalType": "Group"}, {"RightName": "GenericAll", "IsInherited": true, "PrincipalSID": "S-1-5-21-335606122-960912869-3279953914-519", "PrincipalType": "Group"}, {"RightName": "GenericWrite", "IsInherited": true, "PrincipalSID": "DOLLARCORP.MONEYCORP.LOCAL-S-1-5-32-544", "PrincipalType": "Group"}, {"RightName": "WriteOwner", "IsInherited": true, "PrincipalSID": "DOLLARCORP.MONEYCORP.LOCAL-S-1-5-32-544", "PrincipalType": "Group"}, {"RightName": "WriteDacl", "IsInherited": true, "PrincipalSID": "DOLLARCORP.MONEYCORP.LOCAL-S-1-5-32-544", "PrincipalType": "Group"}], "IsDeleted": false, "IsACLProtected": false},{"ObjectIdentifier": "DOLLARCORP.MONEYCORP.LOCAL-S-1-5-32-544", "Properties": {"domain": "DOLLARCORP.MONEYCORP.LOCAL", "domainsid": "S-1-5-21-719815819-3726368948-3917688648", "highvalue": true, "name": "ADMINISTRATORS@DOLLARCORP.MONEYCORP.LOCAL", "distinguishedname": "CN=ADMINISTRATORS,CN=BUILTIN,DC=DOLLARCORP,DC=MONEYCORP,DC=LOCAL", "admincount": true, "description": "Administrators have complete and unrestricted access to the computer/domain", "samaccountname": "Administrators", "whencreated": 1668232741}, "Members": [{"ObjectIdentifier": "S-1-5-21-335606122-960912869-3279953914-519", "ObjectType": "Group"}, {"ObjectIdentifier": "S-1-5-21-719815819-3726368948-3917688648-512", "ObjectType": "Group"}, {"ObjectIdentifier": "S-1-5-21-719815819-3726368948-3917688648-500", "ObjectType": "User"}], "Aces": [{"RightName": "Owns", "IsInherited": false, "PrincipalSID": "S-1-5-21-719815819-3726368948-3917688648-512", "PrincipalType": "Group"}, {"RightName": "GenericWrite", "IsInherited": false, "PrincipalSID": "S-1-5-21-335606122-960912869-3279953914-519", "PrincipalType": "Group"}, {"RightName": "WriteOwner", "IsInherited": false, "PrincipalSID": "S-1-5-21-335606122-960912869-3279953914-519", "PrincipalType": "Group"}, {"RightName": "WriteDacl", "IsInherited": false, "PrincipalSID": "S-1-5-21-335606122-960912869-3279953914-519", "PrincipalType": "Group"}, {"RightName": "GenericWrite", "IsInherited": false, "PrincipalSID": "S-1-5-21-719815819-3726368948-3917688648-512", "PrincipalType": "Group"}, {"RightName": "WriteOwner", "IsInherited": false, "PrincipalSID": "S-1-5-21-719815819-3726368948-3917688648-512", "PrincipalType": "Group"}, {"RightName": "WriteDacl", "IsInherited": false, "PrincipalSID": "S-1-5-21-719815819-3726368948-3917688648-512", "PrincipalType": "Group"}, {"RightName": "GenericWrite", "IsInherited": false, "PrincipalSID": "DOLLARCORP.MONEYCORP.LOCAL-S-1-5-32-544", "PrincipalType": "Group"}, {"RightName": "WriteOwner", "IsInherited": false, "PrincipalSID": "DOLLARCORP.MONEYCORP.LOCAL-S-1-5-32-544", "PrincipalType": "Group"}, {"RightName": "WriteDacl", "IsInherited": false, "PrincipalSID": "DOLLARCORP.MONEYCORP.LOCAL-S-1-5-32-544", "PrincipalType": "Group"}], "IsDeleted": false, "IsACLProtected": true},{"IsDeleted": false, "IsACLProtected": false, "ObjectIdentifier": "MONEYCORP.LOCAL-S-1-5-9", "Properties": {"domain": "MONEYCORP.LOCAL", "name": "ENTERPRISE DOMAIN CONTROLLERS@MONEYCORP.LOCAL"}, "Members": [{"ObjectIdentifier": "S-1-5-21-719815819-3726368948-3917688648-1000", "ObjectType": "Computer"}], "Aces": []},{"IsDeleted": false, "IsACLProtected": false, "ObjectIdentifier": "DOLLARCORP.MONEYCORP.LOCAL-S-1-1-0", "Properties": {"domain": "DOLLARCORP.MONEYCORP.LOCAL", "domainsid": "S-1-5-21-719815819-3726368948-3917688648", "name": "EVERYONE@DOLLARCORP.MONEYCORP.LOCAL"}, "Members": [], "Aces": []},{"IsDeleted": false, "IsACLProtected": false, "ObjectIdentifier": "DOLLARCORP.MONEYCORP.LOCAL-S-1-5-11", "Properties": {"domain": "DOLLARCORP.MONEYCORP.LOCAL", "domainsid": "S-1-5-21-719815819-3726368948-3917688648", "name": "AUTHENTICATED USERS@DOLLARCORP.MONEYCORP.LOCAL"}, "Members": [], "Aces": []},{"IsDeleted": false, "IsACLProtected": false, "ObjectIdentifier": "DOLLARCORP.MONEYCORP.LOCAL-S-1-5-4", "Properties": {"domain": "DOLLARCORP.MONEYCORP.LOCAL", "domainsid": "S-1-5-21-719815819-3726368948-3917688648", "name": "INTERACTIVE@DOLLARCORP.MONEYCORP.LOCAL"}, "Members": [], "Aces": []}],"meta":{"methods":0,"type":"groups","count":48, "version":5}}