{"data":[{"ObjectIdentifier": "50CF8E2B-C402-4570-81D5-A3A32BA12ABA", "Properties": {"domain": "DOLLARCORP.MONEYCORP.LOCAL", "name": "WMIGPO@DOLLARCORP.MONEYCORP.LOCAL", "distinguishedname": "CN=WMIGPO,CN=WMIPOLICY,CN=SYSTEM,DC=DOLLARCORP,DC=MONEYCORP,DC=LOCAL", "domainsid": "S-1-5-21-719815819-3726368948-3917688648", "highvalue": false, "description": "", "whencreated": 1668232740}, "IsDeleted": false, "IsACLProtected": false, "Aces": [{"RightName": "Owns", "IsInherited": false, "PrincipalSID": "S-1-5-21-719815819-3726368948-3917688648-512", "PrincipalType": "Group"}, {"RightName": "WriteOwner", "IsInherited": false, "PrincipalSID": "S-1-5-21-719815819-3726368948-3917688648-512", "PrincipalType": "Group"}, {"RightName": "WriteDacl", "IsInherited": false, "PrincipalSID": "S-1-5-21-719815819-3726368948-3917688648-512", "PrincipalType": "Group"}, {"RightName": "GenericAll", "IsInherited": true, "PrincipalSID": "S-1-5-21-335606122-960912869-3279953914-519", "PrincipalType": "Group"}, {"RightName": "GenericAll", "IsInherited": true, "PrincipalSID": "S-1-5-21-719815819-3726368948-3917688648-512", "PrincipalType": "Group"}], "ChildObjects": []},{"ObjectIdentifier": "A712203C-411A-403E-823F-8AAFCF0D975D", "Properties": {"domain": "DOLLARCORP.MONEYCORP.LOCAL", "name": "POLICYTYPE@DOLLARCORP.MONEYCORP.LOCAL", "distinguishedname": "CN=POLICYTYPE,CN=WMIPOLICY,CN=SYSTEM,DC=DOLLARCORP,DC=MONEYCORP,DC=LOCAL", "domainsid": "S-1-5-21-719815819-3726368948-3917688648", "highvalue": false, "description": "", "whencreated": 1668232740}, "IsDeleted": false, "IsACLProtected": false, "Aces": [{"RightName": "Owns", "IsInherited": false, "PrincipalSID": "S-1-5-21-719815819-3726368948-3917688648-512", "PrincipalType": "Group"}, {"RightName": "WriteOwner", "IsInherited": false, "PrincipalSID": "S-1-5-21-719815819-3726368948-3917688648-512", "PrincipalType": "Group"}, {"RightName": "WriteDacl", "IsInherited": false, "PrincipalSID": "S-1-5-21-719815819-3726368948-3917688648-512", "PrincipalType": "Group"}, {"RightName": "GenericAll", "IsInherited": true, "PrincipalSID": "S-1-5-21-335606122-960912869-3279953914-519", "PrincipalType": "Group"}, {"RightName": "GenericAll", "IsInherited": true, "PrincipalSID": "S-1-5-21-719815819-3726368948-3917688648-512", "PrincipalType": "Group"}], "ChildObjects": []},{"ObjectIdentifier": "92952F03-5A2D-4730-9C2C-5E47CEF50612", "Properties": {"domain": "DOLLARCORP.MONEYCORP.LOCAL", "name": "SOM@DOLLARCORP.MONEYCORP.LOCAL", "distinguishedname": "CN=SOM,CN=WMIPOLICY,CN=SYSTEM,DC=DOLLARCORP,DC=MONEYCORP,DC=LOCAL", "domainsid": "S-1-5-21-719815819-3726368948-3917688648", "highvalue": false, "description": "", "whencreated": 1668232740}, "IsDeleted": false, "IsACLProtected": true, "Aces": [{"RightName": "Owns", "IsInherited": false, "PrincipalSID": "S-1-5-21-719815819-3726368948-3917688648-512", "PrincipalType": "Group"}, {"RightName": "GenericAll", "IsInherited": false, "PrincipalSID": "S-1-5-21-719815819-3726368948-3917688648-512", "PrincipalType": "Group"}, {"RightName": "GenericAll", "IsInherited": false, "PrincipalSID": "S-1-5-21-335606122-960912869-3279953914-519", "PrincipalType": "Group"}], "ChildObjects": []},{"ObjectIdentifier": "D0CB197D-E0AE-4EC5-98AE-56B2C4EDAFF5", "Properties": {"domain": "DOLLARCORP.MONEYCORP.LOCAL", "name": "POLICYTEMPLATE@DOLLARCORP.MONEYCORP.LOCAL", "distinguishedname": "CN=POLICYTEMPLATE,CN=WMIPOLICY,CN=SYSTEM,DC=DOLLARCORP,DC=MONEYCORP,DC=LOCAL", "domainsid": "S-1-5-21-719815819-3726368948-3917688648", "highvalue": false, "description": "", "whencreated": 1668232740}, "IsDeleted": false, "IsACLProtected": false, "Aces": [{"RightName": "Owns", "IsInherited": false, "PrincipalSID": "S-1-5-21-719815819-3726368948-3917688648-512", "PrincipalType": "Group"}, {"RightName": "WriteOwner", "IsInherited": false, "PrincipalSID": "S-1-5-21-719815819-3726368948-3917688648-512", "PrincipalType": "Group"}, {"RightName": "WriteDacl", "IsInherited": false, "PrincipalSID": "S-1-5-21-719815819-3726368948-3917688648-512", "PrincipalType": "Group"}, {"RightName": "GenericAll", "IsInherited": true, "PrincipalSID": "S-1-5-21-335606122-960912869-3279953914-519", "PrincipalType": "Group"}, {"RightName": "GenericAll", "IsInherited": true, "PrincipalSID": "S-1-5-21-719815819-3726368948-3917688648-512", "PrincipalType": "Group"}], "ChildObjects": []},{"ObjectIdentifier": "96E5ED11-0C9B-4F6D-94A5-AD2C9A7E61E0", "Properties": {"domain": "DOLLARCORP.MONEYCORP.LOCAL", "name": "WMIPOLICY@DOLLARCORP.MONEYCORP.LOCAL", "distinguishedname": "CN=WMIPOLICY,CN=SYSTEM,DC=DOLLARCORP,DC=MONEYCORP,DC=LOCAL", "domainsid": "S-1-5-21-719815819-3726368948-3917688648", "highvalue": false, "description": "", "whencreated": 1668232740}, "IsDeleted": false, "IsACLProtected": true, "Aces": [{"RightName": "Owns", "IsInherited": false, "PrincipalSID": "S-1-5-21-719815819-3726368948-3917688648-512", "PrincipalType": "Group"}, {"RightName": "GenericAll", "IsInherited": false, "PrincipalSID": "S-1-5-21-335606122-960912869-3279953914-519", "PrincipalType": "Group"}, {"RightName": "GenericAll", "IsInherited": false, "PrincipalSID": "S-1-5-21-719815819-3726368948-3917688648-512", "PrincipalType": "Group"}], "ChildObjects": []},{"ObjectIdentifier": "7363E904-64BA-4A32-B092-A4E5B982CA2A", "Properties": {"domain": "DOLLARCORP.MONEYCORP.LOCAL", "name": "COMPARTITIONSETS@DOLLARCORP.MONEYCORP.LOCAL", "distinguishedname": "CN=COMPARTITIONSETS,CN=SYSTEM,DC=DOLLARCORP,DC=MONEYCORP,DC=LOCAL", "domainsid": "S-1-5-21-719815819-3726368948-3917688648", "highvalue": false, "description": "", "whencreated": 1668232740}, "IsDeleted": false, "IsACLProtected": false, "Aces": [{"RightName": "Owns", "IsInherited": false, "PrincipalSID": "S-1-5-21-719815819-3726368948-3917688648-512", "PrincipalType": "Group"}, {"RightName": "WriteOwner", "IsInherited": false, "PrincipalSID": "S-1-5-21-719815819-3726368948-3917688648-512", "PrincipalType": "Group"}, {"RightName": "WriteDacl", "IsInherited": false, "PrincipalSID": "S-1-5-21-719815819-3726368948-3917688648-512", "PrincipalType": "Group"}, {"RightName": "GenericAll", "IsInherited": true, "PrincipalSID": "S-1-5-21-335606122-960912869-3279953914-519", "PrincipalType": "Group"}, {"RightName": "WriteOwner", "IsInherited": true, "PrincipalSID": "DOLLARCORP.MONEYCORP.LOCAL-S-1-5-32-544", "PrincipalType": "Group"}, {"RightName": "WriteDacl", "IsInherited": true, "PrincipalSID": "DOLLARCORP.MONEYCORP.LOCAL-S-1-5-32-544", "PrincipalType": "Group"}], "ChildObjects": []},{"ObjectIdentifier": "EF90D4A4-E01D-4332-858A-A92E512129B1", "Properties": {"domain": "DOLLARCORP.MONEYCORP.LOCAL", "name": "COMPARTITIONS@DOLLARCORP.MONEYCORP.LOCAL", "distinguishedname": "CN=COMPARTITIONS,CN=SYSTEM,DC=DOLLARCORP,DC=MONEYCORP,DC=LOCAL", "domainsid": "S-1-5-21-719815819-3726368948-3917688648", "highvalue": false, "description": "", "whencreated": 1668232740}, "IsDeleted": false, "IsACLProtected": false, "Aces": [{"RightName": "Owns", "IsInherited": false, "PrincipalSID": "S-1-5-21-719815819-3726368948-3917688648-512", "PrincipalType": "Group"}, {"RightName": "WriteOwner", "IsInherited": false, "PrincipalSID": "S-1-5-21-719815819-3726368948-3917688648-512", "PrincipalType": "Group"}, {"RightName": "WriteDacl", "IsInherited": false, "PrincipalSID": "S-1-5-21-719815819-3726368948-3917688648-512", "PrincipalType": "Group"}, {"RightName": "GenericAll", "IsInherited": true, "PrincipalSID": "S-1-5-21-335606122-960912869-3279953914-519", "PrincipalType": "Group"}, {"RightName": "WriteOwner", "IsInherited": true, "PrincipalSID": "DOLLARCORP.MONEYCORP.LOCAL-S-1-5-32-544", "PrincipalType": "Group"}, {"RightName": "WriteDacl", "IsInherited": true, "PrincipalSID": "DOLLARCORP.MONEYCORP.LOCAL-S-1-5-32-544", "PrincipalType": "Group"}], "ChildObjects": []},{"ObjectIdentifier": "2F17AF36-8402-4340-9FAB-CA4417EE498C", "Properties": {"domain": "DOLLARCORP.MONEYCORP.LOCAL", "name": "ADMINSDHOLDER@DOLLARCORP.MONEYCORP.LOCAL", "distinguishedname": "CN=ADMINSDHOLDER,CN=SYSTEM,DC=DOLLARCORP,DC=MONEYCORP,DC=LOCAL", "domainsid": "S-1-5-21-719815819-3726368948-3917688648", "highvalue": false, "description": "", "whencreated": 1668232740}, "IsDeleted": false, "IsACLProtected": true, "Aces": [{"RightName": "Owns", "IsInherited": false, "PrincipalSID": "S-1-5-21-719815819-3726368948-3917688648-512", "PrincipalType": "Group"}, {"RightName": "WriteOwner", "IsInherited": false, "PrincipalSID": "S-1-5-21-335606122-960912869-3279953914-519", "PrincipalType": "Group"}, {"RightName": "WriteDacl", "IsInherited": false, "PrincipalSID": "S-1-5-21-335606122-960912869-3279953914-519", "PrincipalType": "Group"}, {"RightName": "WriteOwner", "IsInherited": false, "PrincipalSID": "S-1-5-21-719815819-3726368948-3917688648-512", "PrincipalType": "Group"}, {"RightName": "WriteDacl", "IsInherited": false, "PrincipalSID": "S-1-5-21-719815819-3726368948-3917688648-512", "PrincipalType": "Group"}, {"RightName": "WriteOwner", "IsInherited": false, "PrincipalSID": "DOLLARCORP.MONEYCORP.LOCAL-S-1-5-32-544", "PrincipalType": "Group"}, {"RightName": "WriteDacl", "IsInherited": false, "PrincipalSID": "DOLLARCORP.MONEYCORP.LOCAL-S-1-5-32-544", "PrincipalType": "Group"}], "ChildObjects": []},{"ObjectIdentifier": "1E05FA1A-EC7F-4F66-B67D-ED8E408B5A69", "Properties": {"domain": "DOLLARCORP.MONEYCORP.LOCAL", "name": "RAS AND IAS SERVERS ACCESS CHECK@DOLLARCORP.MONEYCORP.LOCAL", "distinguishedname": "CN=RAS AND IAS SERVERS ACCESS CHECK,CN=SYSTEM,DC=DOLLARCORP,DC=MONEYCORP,DC=LOCAL", "domainsid": "S-1-5-21-719815819-3726368948-3917688648", "highvalue": false, "description": "", "whencreated": 1668232740}, "IsDeleted": false, "IsACLProtected": false, "Aces": [{"RightName": "Owns", "IsInherited": false, "PrincipalSID": "S-1-5-21-719815819-3726368948-3917688648-512", "PrincipalType": "Group"}, {"RightName": "WriteOwner", "IsInherited": false, "PrincipalSID": "S-1-5-21-719815819-3726368948-3917688648-553", "PrincipalType": "Group"}, {"RightName": "WriteDacl", "IsInherited": false, "PrincipalSID": "S-1-5-21-719815819-3726368948-3917688648-553", "PrincipalType": "Group"}, {"RightName": "GenericAll", "IsInherited": true, "PrincipalSID": "S-1-5-21-335606122-960912869-3279953914-519", "PrincipalType": "Group"}, {"RightName": "WriteOwner", "IsInherited": true, "PrincipalSID": "DOLLARCORP.MONEYCORP.LOCAL-S-1-5-32-544", "PrincipalType": "Group"}, {"RightName": "WriteDacl", "IsInherited": true, "PrincipalSID": "DOLLARCORP.MONEYCORP.LOCAL-S-1-5-32-544", "PrincipalType": "Group"}], "ChildObjects": []},{"ObjectIdentifier": "08B8D89A-DAF7-48FC-8CAC-1FDD9EE8DE30", "Properties": {"domain": "DOLLARCORP.MONEYCORP.LOCAL", "name": "POLICIES@DOLLARCORP.MONEYCORP.LOCAL", "distinguishedname": "CN=POLICIES,CN=SYSTEM,DC=DOLLARCORP,DC=MONEYCORP,DC=LOCAL", "domainsid": "S-1-5-21-719815819-3726368948-3917688648", "highvalue": false, "description": "", "whencreated": 1668232740}, "IsDeleted": false, "IsACLProtected": false, "Aces": [{"RightName": "Owns", "IsInherited": false, "PrincipalSID": "S-1-5-21-719815819-3726368948-3917688648-512", "PrincipalType": "Group"}, {"RightName": "WriteOwner", "IsInherited": false, "PrincipalSID": "S-1-5-21-719815819-3726368948-3917688648-512", "PrincipalType": "Group"}, {"RightName": "WriteDacl", "IsInherited": false, "PrincipalSID": "S-1-5-21-719815819-3726368948-3917688648-512", "PrincipalType": "Group"}, {"RightName": "GenericAll", "IsInherited": true, "PrincipalSID": "S-1-5-21-335606122-960912869-3279953914-519", "PrincipalType": "Group"}, {"RightName": "WriteOwner", "IsInherited": true, "PrincipalSID": "DOLLARCORP.MONEYCORP.LOCAL-S-1-5-32-544", "PrincipalType": "Group"}, {"RightName": "WriteDacl", "IsInherited": true, "PrincipalSID": "DOLLARCORP.MONEYCORP.LOCAL-S-1-5-32-544", "PrincipalType": "Group"}], "ChildObjects": []},{"ObjectIdentifier": "4CB260F1-2CC3-4227-9318-12061F9FE993", "Properties": {"domain": "DOLLARCORP.MONEYCORP.LOCAL", "name": "MEETINGS@DOLLARCORP.MONEYCORP.LOCAL", "distinguishedname": "CN=MEETINGS,CN=SYSTEM,DC=DOLLARCORP,DC=MONEYCORP,DC=LOCAL", "domainsid": "S-1-5-21-719815819-3726368948-3917688648", "highvalue": false, "description": "", "whencreated": 1668232740}, "IsDeleted": false, "IsACLProtected": false, "Aces": [{"RightName": "Owns", "IsInherited": false, "PrincipalSID": "S-1-5-21-719815819-3726368948-3917688648-512", "PrincipalType": "Group"}, {"RightName": "WriteOwner", "IsInherited": false, "PrincipalSID": "S-1-5-21-719815819-3726368948-3917688648-512", "PrincipalType": "Group"}, {"RightName": "WriteDacl", "IsInherited": false, "PrincipalSID": "S-1-5-21-719815819-3726368948-3917688648-512", "PrincipalType": "Group"}, {"RightName": "GenericAll", "IsInherited": true, "PrincipalSID": "S-1-5-21-335606122-960912869-3279953914-519", "PrincipalType": "Group"}, {"RightName": "WriteOwner", "IsInherited": true, "PrincipalSID": "DOLLARCORP.MONEYCORP.LOCAL-S-1-5-32-544", "PrincipalType": "Group"}, {"RightName": "WriteDacl", "IsInherited": true, "PrincipalSID": "DOLLARCORP.MONEYCORP.LOCAL-S-1-5-32-544", "PrincipalType": "Group"}], "ChildObjects": []},{"ObjectIdentifier": "558EE043-E818-4B00-8BC9-BC38FF7F6A2D", "Properties": {"domain": "DOLLARCORP.MONEYCORP.LOCAL", "name": "WINSOCKSERVICES@DOLLARCORP.MONEYCORP.LOCAL", "distinguishedname": "CN=WINSOCKSERVICES,CN=SYSTEM,DC=DOLLARCORP,DC=MONEYCORP,DC=LOCAL", "domainsid": "S-1-5-21-719815819-3726368948-3917688648", "highvalue": false, "description": "", "whencreated": 1668232740}, "IsDeleted": false, "IsACLProtected": false, "Aces": [{"RightName": "Owns", "IsInherited": false, "PrincipalSID": "S-1-5-21-719815819-3726368948-3917688648-512", "PrincipalType": "Group"}, {"RightName": "WriteOwner", "IsInherited": false, "PrincipalSID": "S-1-5-21-719815819-3726368948-3917688648-512", "PrincipalType": "Group"}, {"RightName": "WriteDacl", "IsInherited": false, "PrincipalSID": "S-1-5-21-719815819-3726368948-3917688648-512", "PrincipalType": "Group"}, {"RightName": "GenericAll", "IsInherited": true, "PrincipalSID": "S-1-5-21-335606122-960912869-3279953914-519", "PrincipalType": "Group"}, {"RightName": "WriteOwner", "IsInherited": true, "PrincipalSID": "DOLLARCORP.MONEYCORP.LOCAL-S-1-5-32-544", "PrincipalType": "Group"}, {"RightName": "WriteDacl", "IsInherited": true, "PrincipalSID": "DOLLARCORP.MONEYCORP.LOCAL-S-1-5-32-544", "PrincipalType": "Group"}], "ChildObjects": []},{"ObjectIdentifier": "C7495235-3FF7-47B4-B675-5F87085C4800", "Properties": {"domain": "DOLLARCORP.MONEYCORP.LOCAL", "name": "MANAGED SERVICE ACCOUNTS@DOLLARCORP.MONEYCORP.LOCAL", "distinguishedname": "CN=MANAGED SERVICE ACCOUNTS,DC=DOLLARCORP,DC=MONEYCORP,DC=LOCAL", "domainsid": "S-1-5-21-719815819-3726368948-3917688648", "highvalue": false, "description": "Default container for managed service accounts", "whencreated": 1668232740}, "IsDeleted": false, "IsACLProtected": false, "Aces": [{"RightName": "Owns", "IsInherited": false, "PrincipalSID": "S-1-5-21-719815819-3726368948-3917688648-512", "PrincipalType": "Group"}, {"RightName": "WriteOwner", "IsInherited": false, "PrincipalSID": "S-1-5-21-719815819-3726368948-3917688648-512", "PrincipalType": "Group"}, {"RightName": "WriteDacl", "IsInherited": false, "PrincipalSID": "S-1-5-21-719815819-3726368948-3917688648-512", "PrincipalType": "Group"}, {"RightName": "GenericAll", "IsInherited": true, "PrincipalSID": "S-1-5-21-335606122-960912869-3279953914-519", "PrincipalType": "Group"}, {"RightName": "WriteOwner", "IsInherited": true, "PrincipalSID": "DOLLARCORP.MONEYCORP.LOCAL-S-1-5-32-544", "PrincipalType": "Group"}, {"RightName": "WriteDacl", "IsInherited": true, "PrincipalSID": "DOLLARCORP.MONEYCORP.LOCAL-S-1-5-32-544", "PrincipalType": "Group"}], "ChildObjects": []},{"ObjectIdentifier": "3A65D234-E098-44BD-AC7C-962A929EF3C0", "Properties": {"domain": "DOLLARCORP.MONEYCORP.LOCAL", "name": "MICROSOFT@DOLLARCORP.MONEYCORP.LOCAL", "distinguishedname": "CN=MICROSOFT,CN=PROGRAM DATA,DC=DOLLARCORP,DC=MONEYCORP,DC=LOCAL", "domainsid": "S-1-5-21-719815819-3726368948-3917688648", "highvalue": false, "description": "Default location for storage of Microsoft application data.", "whencreated": 1668232740}, "IsDeleted": false, "IsACLProtected": false, "Aces": [{"RightName": "Owns", "IsInherited": false, "PrincipalSID": "S-1-5-21-719815819-3726368948-3917688648-512", "PrincipalType": "Group"}, {"RightName": "GenericAll", "IsInherited": false, "PrincipalSID": "S-1-5-21-719815819-3726368948-3917688648-512", "PrincipalType": "Group"}, {"RightName": "GenericAll", "IsInherited": true, "PrincipalSID": "S-1-5-21-335606122-960912869-3279953914-519", "PrincipalType": "Group"}, {"RightName": "WriteOwner", "IsInherited": true, "PrincipalSID": "DOLLARCORP.MONEYCORP.LOCAL-S-1-5-32-544", "PrincipalType": "Group"}, {"RightName": "WriteDacl", "IsInherited": true, "PrincipalSID": "DOLLARCORP.MONEYCORP.LOCAL-S-1-5-32-544", "PrincipalType": "Group"}], "ChildObjects": []},{"ObjectIdentifier": "A11C4FD5-8356-4F54-AF9C-B03A0ADEDBE2", "Properties": {"domain": "DOLLARCORP.MONEYCORP.LOCAL", "name": "PROGRAM DATA@DOLLARCORP.MONEYCORP.LOCAL", "distinguishedname": "CN=PROGRAM DATA,DC=DOLLARCORP,DC=MONEYCORP,DC=LOCAL", "domainsid": "S-1-5-21-719815819-3726368948-3917688648", "highvalue": false, "description": "Default location for storage of application data.", "whencreated": 1668232740}, "IsDeleted": false, "IsACLProtected": false, "Aces": [{"RightName": "Owns", "IsInherited": false, "PrincipalSID": "S-1-5-21-719815819-3726368948-3917688648-512", "PrincipalType": "Group"}, {"RightName": "GenericAll", "IsInherited": false, "PrincipalSID": "S-1-5-21-719815819-3726368948-3917688648-512", "PrincipalType": "Group"}, {"RightName": "GenericAll", "IsInherited": true, "PrincipalSID": "S-1-5-21-335606122-960912869-3279953914-519", "PrincipalType": "Group"}, {"RightName": "WriteOwner", "IsInherited": true, "PrincipalSID": "DOLLARCORP.MONEYCORP.LOCAL-S-1-5-32-544", "PrincipalType": "Group"}, {"RightName": "WriteDacl", "IsInherited": true, "PrincipalSID": "DOLLARCORP.MONEYCORP.LOCAL-S-1-5-32-544", "PrincipalType": "Group"}], "ChildObjects": []},{"ObjectIdentifier": "845414CC-1AD6-4837-84E9-B9892A5A65A7", "Properties": {"domain": "DOLLARCORP.MONEYCORP.LOCAL", "name": "FOREIGNSECURITYPRINCIPALS@DOLLARCORP.MONEYCORP.LOCAL", "distinguishedname": "CN=FOREIGNSECURITYPRINCIPALS,DC=DOLLARCORP,DC=MONEYCORP,DC=LOCAL", "domainsid": "S-1-5-21-719815819-3726368948-3917688648", "highvalue": false, "description": "Default container for security identifiers (SIDs) associated with objects from external, trusted domains", "whencreated": 1668232740}, "IsDeleted": false, "IsACLProtected": false, "Aces": [{"RightName": "Owns", "IsInherited": false, "PrincipalSID": "S-1-5-21-719815819-3726368948-3917688648-512", "PrincipalType": "Group"}, {"RightName": "GenericAll", "IsInherited": false, "PrincipalSID": "S-1-5-21-719815819-3726368948-3917688648-512", "PrincipalType": "Group"}, {"RightName": "GenericAll", "IsInherited": true, "PrincipalSID": "S-1-5-21-335606122-960912869-3279953914-519", "PrincipalType": "Group"}, {"RightName": "WriteOwner", "IsInherited": true, "PrincipalSID": "DOLLARCORP.MONEYCORP.LOCAL-S-1-5-32-544", "PrincipalType": "Group"}, {"RightName": "WriteDacl", "IsInherited": true, "PrincipalSID": "DOLLARCORP.MONEYCORP.LOCAL-S-1-5-32-544", "PrincipalType": "Group"}], "ChildObjects": []},{"ObjectIdentifier": "FCFFC2F4-D566-4130-8EE5-7E82DC9EF23C", "Properties": {"domain": "DOLLARCORP.MONEYCORP.LOCAL", "name": "SYSTEM@DOLLARCORP.MONEYCORP.LOCAL", "distinguishedname": "CN=SYSTEM,DC=DOLLARCORP,DC=MONEYCORP,DC=LOCAL", "domainsid": "S-1-5-21-719815819-3726368948-3917688648", "highvalue": false, "description": "Builtin system settings", "whencreated": 1668232740}, "IsDeleted": false, "IsACLProtected": false, "Aces": [{"RightName": "Owns", "IsInherited": false, "PrincipalSID": "S-1-5-21-719815819-3726368948-3917688648-512", "PrincipalType": "Group"}, {"RightName": "WriteOwner", "IsInherited": false, "PrincipalSID": "S-1-5-21-719815819-3726368948-3917688648-512", "PrincipalType": "Group"}, {"RightName": "WriteDacl", "IsInherited": false, "PrincipalSID": "S-1-5-21-719815819-3726368948-3917688648-512", "PrincipalType": "Group"}, {"RightName": "GenericAll", "IsInherited": true, "PrincipalSID": "S-1-5-21-335606122-960912869-3279953914-519", "PrincipalType": "Group"}, {"RightName": "WriteOwner", "IsInherited": true, "PrincipalSID": "DOLLARCORP.MONEYCORP.LOCAL-S-1-5-32-544", "PrincipalType": "Group"}, {"RightName": "WriteDacl", "IsInherited": true, "PrincipalSID": "DOLLARCORP.MONEYCORP.LOCAL-S-1-5-32-544", "PrincipalType": "Group"}], "ChildObjects": []},{"ObjectIdentifier": "B8E71E2A-1AE4-4B9D-A714-12A25D127D5E", "Properties": {"domain": "DOLLARCORP.MONEYCORP.LOCAL", "name": "COMPUTERS@DOLLARCORP.MONEYCORP.LOCAL", "distinguishedname": "CN=COMPUTERS,DC=DOLLARCORP,DC=MONEYCORP,DC=LOCAL", "domainsid": "S-1-5-21-719815819-3726368948-3917688648", "highvalue": false, "description": "Default container for upgraded computer accounts", "whencreated": 1668232740}, "IsDeleted": false, "IsACLProtected": false, "Aces": [{"RightName": "Owns", "IsInherited": false, "PrincipalSID": "S-1-5-21-719815819-3726368948-3917688648-512", "PrincipalType": "Group"}, {"RightName": "WriteOwner", "IsInherited": false, "PrincipalSID": "S-1-5-21-719815819-3726368948-3917688648-512", "PrincipalType": "Group"}, {"RightName": "WriteDacl", "IsInherited": false, "PrincipalSID": "S-1-5-21-719815819-3726368948-3917688648-512", "PrincipalType": "Group"}, {"RightName": "GenericAll", "IsInherited": true, "PrincipalSID": "S-1-5-21-335606122-960912869-3279953914-519", "PrincipalType": "Group"}, {"RightName": "WriteOwner", "IsInherited": true, "PrincipalSID": "DOLLARCORP.MONEYCORP.LOCAL-S-1-5-32-544", "PrincipalType": "Group"}, {"RightName": "WriteDacl", "IsInherited": true, "PrincipalSID": "DOLLARCORP.MONEYCORP.LOCAL-S-1-5-32-544", "PrincipalType": "Group"}], "ChildObjects": []},{"ObjectIdentifier": "26057C28-C8DF-4342-9F70-B0298A794EEA", "Properties": {"domain": "DOLLARCORP.MONEYCORP.LOCAL", "name": "USERS@DOLLARCORP.MONEYCORP.LOCAL", "distinguishedname": "CN=USERS,DC=DOLLARCORP,DC=MONEYCORP,DC=LOCAL", "domainsid": "S-1-5-21-719815819-3726368948-3917688648", "highvalue": false, "description": "Default container for upgraded user accounts", "whencreated": 1668232740}, "IsDeleted": false, "IsACLProtected": false, "Aces": [{"RightName": "Owns", "IsInherited": false, "PrincipalSID": "S-1-5-21-719815819-3726368948-3917688648-512", "PrincipalType": "Group"}, {"RightName": "WriteOwner", "IsInherited": false, "PrincipalSID": "S-1-5-21-719815819-3726368948-3917688648-512", "PrincipalType": "Group"}, {"RightName": "WriteDacl", "IsInherited": false, "PrincipalSID": "S-1-5-21-719815819-3726368948-3917688648-512", "PrincipalType": "Group"}, {"RightName": "GenericAll", "IsInherited": true, "PrincipalSID": "S-1-5-21-335606122-960912869-3279953914-519", "PrincipalType": "Group"}, {"RightName": "WriteOwner", "IsInherited": true, "PrincipalSID": "DOLLARCORP.MONEYCORP.LOCAL-S-1-5-32-544", "PrincipalType": "Group"}, {"RightName": "WriteDacl", "IsInherited": true, "PrincipalSID": "DOLLARCORP.MONEYCORP.LOCAL-S-1-5-32-544", "PrincipalType": "Group"}], "ChildObjects": [{"ObjectIdentifier": "S-1-5-21-719815819-3726368948-3917688648-1114", "ObjectType": "User"}, {"ObjectIdentifier": "S-1-5-21-719815819-3726368948-3917688648-5180", "ObjectType": "User"}, {"ObjectIdentifier": "S-1-5-21-719815819-3726368948-3917688648-5179", "ObjectType": "User"}, {"ObjectIdentifier": "S-1-5-21-719815819-3726368948-3917688648-5178", "ObjectType": "User"}, {"ObjectIdentifier": "S-1-5-21-719815819-3726368948-3917688648-5177", "ObjectType": "User"}, {"ObjectIdentifier": "S-1-5-21-719815819-3726368948-3917688648-5176", "ObjectType": "User"}, {"ObjectIdentifier": "S-1-5-21-719815819-3726368948-3917688648-5175", "ObjectType": "User"}, {"ObjectIdentifier": "S-1-5-21-719815819-3726368948-3917688648-5174", "ObjectType": "User"}, {"ObjectIdentifier": "S-1-5-21-719815819-3726368948-3917688648-5173", "ObjectType": "User"}, {"ObjectIdentifier": "S-1-5-21-719815819-3726368948-3917688648-5172", "ObjectType": "User"}, {"ObjectIdentifier": "S-1-5-21-719815819-3726368948-3917688648-5171", "ObjectType": "User"}, {"ObjectIdentifier": "S-1-5-21-719815819-3726368948-3917688648-5170", "ObjectType": "User"}, {"ObjectIdentifier": "S-1-5-21-719815819-3726368948-3917688648-5169", "ObjectType": "User"}, {"ObjectIdentifier": "S-1-5-21-719815819-3726368948-3917688648-5168", "ObjectType": "User"}, {"ObjectIdentifier": "S-1-5-21-719815819-3726368948-3917688648-5167", "ObjectType": "User"}, {"ObjectIdentifier": "S-1-5-21-719815819-3726368948-3917688648-5166", "ObjectType": "User"}, {"ObjectIdentifier": "S-1-5-21-719815819-3726368948-3917688648-5165", "ObjectType": "User"}, {"ObjectIdentifier": "S-1-5-21-719815819-3726368948-3917688648-5164", "ObjectType": "User"}, {"ObjectIdentifier": "S-1-5-21-719815819-3726368948-3917688648-5163", "ObjectType": "User"}, {"ObjectIdentifier": "S-1-5-21-719815819-3726368948-3917688648-5162", "ObjectType": "User"}, {"ObjectIdentifier": "S-1-5-21-719815819-3726368948-3917688648-5161", "ObjectType": "User"}, {"ObjectIdentifier": "S-1-5-21-719815819-3726368948-3917688648-1104", "ObjectType": "trustaccount"}, {"ObjectIdentifier": "S-1-5-21-719815819-3726368948-3917688648-1119", "ObjectType": "User"}, {"ObjectIdentifier": "S-1-5-21-719815819-3726368948-3917688648-1118", "ObjectType": "User"}, {"ObjectIdentifier": "S-1-5-21-719815819-3726368948-3917688648-5160", "ObjectType": "User"}, {"ObjectIdentifier": "S-1-5-21-719815819-3726368948-3917688648-5159", "ObjectType": "User"}, {"ObjectIdentifier": "S-1-5-21-719815819-3726368948-3917688648-5158", "ObjectType": "User"}, {"ObjectIdentifier": "S-1-5-21-719815819-3726368948-3917688648-5157", "ObjectType": "User"}, {"ObjectIdentifier": "S-1-5-21-719815819-3726368948-3917688648-5156", "ObjectType": "User"}, {"ObjectIdentifier": "S-1-5-21-719815819-3726368948-3917688648-5155", "ObjectType": "User"}, {"ObjectIdentifier": "S-1-5-21-719815819-3726368948-3917688648-5154", "ObjectType": "User"}, {"ObjectIdentifier": "S-1-5-21-719815819-3726368948-3917688648-5153", "ObjectType": "User"}, {"ObjectIdentifier": "S-1-5-21-719815819-3726368948-3917688648-5152", "ObjectType": "User"}, {"ObjectIdentifier": "S-1-5-21-719815819-3726368948-3917688648-5151", "ObjectType": "User"}, {"ObjectIdentifier": "S-1-5-21-719815819-3726368948-3917688648-5150", "ObjectType": "User"}, {"ObjectIdentifier": "S-1-5-21-719815819-3726368948-3917688648-5149", "ObjectType": "User"}, {"ObjectIdentifier": "S-1-5-21-719815819-3726368948-3917688648-5148", "ObjectType": "User"}, {"ObjectIdentifier": "S-1-5-21-719815819-3726368948-3917688648-5147", "ObjectType": "User"}, {"ObjectIdentifier": "S-1-5-21-719815819-3726368948-3917688648-5146", "ObjectType": "User"}, {"ObjectIdentifier": "S-1-5-21-719815819-3726368948-3917688648-5145", "ObjectType": "User"}, {"ObjectIdentifier": "S-1-5-21-719815819-3726368948-3917688648-5144", "ObjectType": "User"}, {"ObjectIdentifier": "S-1-5-21-719815819-3726368948-3917688648-5143", "ObjectType": "User"}, {"ObjectIdentifier": "S-1-5-21-719815819-3726368948-3917688648-5142", "ObjectType": "User"}, {"ObjectIdentifier": "S-1-5-21-719815819-3726368948-3917688648-5141", "ObjectType": "User"}, {"ObjectIdentifier": "S-1-5-21-719815819-3726368948-3917688648-4181", "ObjectType": "User"}, {"ObjectIdentifier": "S-1-5-21-719815819-3726368948-3917688648-5120", "ObjectType": "User"}, {"ObjectIdentifier": "S-1-5-21-719815819-3726368948-3917688648-5119", "ObjectType": "User"}, {"ObjectIdentifier": "S-1-5-21-719815819-3726368948-3917688648-5118", "ObjectType": "User"}, {"ObjectIdentifier": "S-1-5-21-719815819-3726368948-3917688648-5117", "ObjectType": "User"}, {"ObjectIdentifier": "S-1-5-21-719815819-3726368948-3917688648-5116", "ObjectType": "User"}, {"ObjectIdentifier": "S-1-5-21-719815819-3726368948-3917688648-5115", "ObjectType": "User"}, {"ObjectIdentifier": "S-1-5-21-719815819-3726368948-3917688648-5114", "ObjectType": "User"}, {"ObjectIdentifier": "S-1-5-21-719815819-3726368948-3917688648-5113", "ObjectType": "User"}, {"ObjectIdentifier": "S-1-5-21-719815819-3726368948-3917688648-5112", "ObjectType": "User"}, {"ObjectIdentifier": "S-1-5-21-719815819-3726368948-3917688648-5111", "ObjectType": "User"}, {"ObjectIdentifier": "S-1-5-21-719815819-3726368948-3917688648-5110", "ObjectType": "User"}, {"ObjectIdentifier": "S-1-5-21-719815819-3726368948-3917688648-5109", "ObjectType": "User"}, {"ObjectIdentifier": "S-1-5-21-719815819-3726368948-3917688648-5108", "ObjectType": "User"}, {"ObjectIdentifier": "S-1-5-21-719815819-3726368948-3917688648-5107", "ObjectType": "User"}, {"ObjectIdentifier": "S-1-5-21-719815819-3726368948-3917688648-5106", "ObjectType": "User"}, {"ObjectIdentifier": "S-1-5-21-719815819-3726368948-3917688648-5105", "ObjectType": "User"}, {"ObjectIdentifier": "S-1-5-21-719815819-3726368948-3917688648-5104", "ObjectType": "User"}, {"ObjectIdentifier": "S-1-5-21-719815819-3726368948-3917688648-5103", "ObjectType": "User"}, {"ObjectIdentifier": "S-1-5-21-719815819-3726368948-3917688648-5102", "ObjectType": "User"}, {"ObjectIdentifier": "S-1-5-21-719815819-3726368948-3917688648-5101", "ObjectType": "User"}, {"ObjectIdentifier": "S-1-5-21-719815819-3726368948-3917688648-1115", "ObjectType": "User"}, {"ObjectIdentifier": "S-1-5-21-719815819-3726368948-3917688648-1122", "ObjectType": "User"}, {"ObjectIdentifier": "S-1-5-21-719815819-3726368948-3917688648-1113", "ObjectType": "User"}, {"ObjectIdentifier": "S-1-5-21-719815819-3726368948-3917688648-521", "ObjectType": "Group"}, {"ObjectIdentifier": "S-1-5-21-719815819-3726368948-3917688648-1123", "ObjectType": "Group"}, {"ObjectIdentifier": "S-1-5-21-719815819-3726368948-3917688648-553", "ObjectType": "Group"}, {"ObjectIdentifier": "S-1-5-21-719815819-3726368948-3917688648-525", "ObjectType": "Group"}, {"ObjectIdentifier": "S-1-5-21-719815819-3726368948-3917688648-1120", "ObjectType": "User"}, {"ObjectIdentifier": "S-1-5-21-719815819-3726368948-3917688648-1103", "ObjectType": "trustaccount"}, {"ObjectIdentifier": "S-1-5-21-719815819-3726368948-3917688648-502", "ObjectType": "User"}, {"ObjectIdentifier": "S-1-5-21-719815819-3726368948-3917688648-526", "ObjectType": "Group"}, {"ObjectIdentifier": "S-1-5-21-719815819-3726368948-3917688648-501", "ObjectType": "User"}, {"ObjectIdentifier": "S-1-5-21-719815819-3726368948-3917688648-520", "ObjectType": "Group"}, {"ObjectIdentifier": "S-1-5-21-719815819-3726368948-3917688648-1112", "ObjectType": "trustaccount"}, {"ObjectIdentifier": "S-1-5-21-719815819-3726368948-3917688648-513", "ObjectType": "Group"}, {"ObjectIdentifier": "S-1-5-21-719815819-3726368948-3917688648-514", "ObjectType": "Group"}, {"ObjectIdentifier": "S-1-5-21-719815819-3726368948-3917688648-516", "ObjectType": "Group"}, {"ObjectIdentifier": "S-1-5-21-719815819-3726368948-3917688648-515", "ObjectType": "Group"}, {"ObjectIdentifier": "S-1-5-21-719815819-3726368948-3917688648-512", "ObjectType": "Group"}, {"ObjectIdentifier": "S-1-5-21-719815819-3726368948-3917688648-1102", "ObjectType": "Group"}, {"ObjectIdentifier": "S-1-5-21-719815819-3726368948-3917688648-1101", "ObjectType": "Group"}, {"ObjectIdentifier": "S-1-5-21-719815819-3726368948-3917688648-572", "ObjectType": "Group"}, {"ObjectIdentifier": "S-1-5-21-719815819-3726368948-3917688648-5140", "ObjectType": "User"}, {"ObjectIdentifier": "S-1-5-21-719815819-3726368948-3917688648-5139", "ObjectType": "User"}, {"ObjectIdentifier": "S-1-5-21-719815819-3726368948-3917688648-5138", "ObjectType": "User"}, {"ObjectIdentifier": "S-1-5-21-719815819-3726368948-3917688648-5137", "ObjectType": "User"}, {"ObjectIdentifier": "S-1-5-21-719815819-3726368948-3917688648-5136", "ObjectType": "User"}, {"ObjectIdentifier": "S-1-5-21-719815819-3726368948-3917688648-5135", "ObjectType": "User"}, {"ObjectIdentifier": "S-1-5-21-719815819-3726368948-3917688648-5134", "ObjectType": "User"}, {"ObjectIdentifier": "S-1-5-21-719815819-3726368948-3917688648-5133", "ObjectType": "User"}, {"ObjectIdentifier": "S-1-5-21-719815819-3726368948-3917688648-5132", "ObjectType": "User"}, {"ObjectIdentifier": "S-1-5-21-719815819-3726368948-3917688648-5131", "ObjectType": "User"}, {"ObjectIdentifier": "S-1-5-21-719815819-3726368948-3917688648-5130", "ObjectType": "User"}, {"ObjectIdentifier": "S-1-5-21-719815819-3726368948-3917688648-5129", "ObjectType": "User"}, {"ObjectIdentifier": "S-1-5-21-719815819-3726368948-3917688648-5128", "ObjectType": "User"}, {"ObjectIdentifier": "S-1-5-21-719815819-3726368948-3917688648-5127", "ObjectType": "User"}, {"ObjectIdentifier": "S-1-5-21-719815819-3726368948-3917688648-5126", "ObjectType": "User"}, {"ObjectIdentifier": "S-1-5-21-719815819-3726368948-3917688648-5125", "ObjectType": "User"}, {"ObjectIdentifier": "S-1-5-21-719815819-3726368948-3917688648-5124", "ObjectType": "User"}, {"ObjectIdentifier": "S-1-5-21-719815819-3726368948-3917688648-5123", "ObjectType": "User"}, {"ObjectIdentifier": "S-1-5-21-719815819-3726368948-3917688648-5122", "ObjectType": "User"}, {"ObjectIdentifier": "S-1-5-21-719815819-3726368948-3917688648-5121", "ObjectType": "User"}, {"ObjectIdentifier": "S-1-5-21-719815819-3726368948-3917688648-522", "ObjectType": "Group"}, {"ObjectIdentifier": "S-1-5-21-719815819-3726368948-3917688648-1121", "ObjectType": "User"}, {"ObjectIdentifier": "S-1-5-21-719815819-3726368948-3917688648-517", "ObjectType": "Group"}, {"ObjectIdentifier": "S-1-5-21-719815819-3726368948-3917688648-1117", "ObjectType": "User"}, {"ObjectIdentifier": "S-1-5-21-719815819-3726368948-3917688648-571", "ObjectType": "Group"}, {"ObjectIdentifier": "S-1-5-21-719815819-3726368948-3917688648-500", "ObjectType": "User"}]}],"meta":{"methods":0,"type":"containers","count":19, "version":5}}