{"data": [{"ObjectIdentifier": "S-1-5-21-719815819-3726368948-3917688648", "Properties": {"name": "DOLLARCORP.MONEYCORP.LOCAL", "domain": "DOLLARCORP.MONEYCORP.LOCAL", "domainsid": "S-1-5-21-719815819-3726368948-3917688648", "distinguishedname": "DC=DOLLARCORP,DC=MONEYCORP,DC=LOCAL", "description": "", "functionallevel": "2016", "highvalue": true, "whencreated": 1668232740}, "Trusts": [{"TargetDomainName": "EUROCORP.LOCAL", "TargetDomainSid": "S-1-5-21-3333069040-3914854601-3606488808", "IsTransitive": true, "TrustDirection": "Bidirectional", "TrustType": "Unknown", "SidFilteringEnabled": true}, {"TargetDomainName": "US.DOLLARCORP.MONEYCORP.LOCAL", "TargetDomainSid": "S-1-5-21-1028785420-4100948154-1806204659", "IsTransitive": true, "TrustDirection": "Bidirectional", "TrustType": "ParentChild", "SidFilteringEnabled": false}, {"TargetDomainName": "MONEYCORP.LOCAL", "TargetDomainSid": "S-1-5-21-335606122-960912869-3279953914", "IsTransitive": true, "TrustDirection": "Bidirectional", "TrustType": "ParentChild", "SidFilteringEnabled": false}], "Aces": [{"RightName": "Owns", "IsInherited": false, "PrincipalSID": "DOLLARCORP.MONEYCORP.LOCAL-S-1-5-32-544", "PrincipalType": "Group"}, {"RightName": "GetChanges", "IsInherited": false, "PrincipalSID": "S-1-5-21-335606122-960912869-3279953914-498", "PrincipalType": "Group"}, {"RightName": "GetChangesAll", "IsInherited": false, "PrincipalSID": "S-1-5-21-719815819-3726368948-3917688648-516", "PrincipalType": "Group"}, {"RightName": "GetChangesInFilteredSet", "IsInherited": false, "PrincipalSID": "DOLLARCORP.MONEYCORP.LOCAL-S-1-5-32-544", "PrincipalType": "Group"}, {"RightName": "GetChanges", "IsInherited": false, "PrincipalSID": "DOLLARCORP.MONEYCORP.LOCAL-S-1-5-32-544", "PrincipalType": "Group"}, {"RightName": "GetChangesAll", "IsInherited": false, "PrincipalSID": "DOLLARCORP.MONEYCORP.LOCAL-S-1-5-32-544", "PrincipalType": "Group"}, {"RightName": "GetChangesInFilteredSet", "IsInherited": false, "PrincipalSID": "DOLLARCORP.MONEYCORP.LOCAL-S-1-5-9", "PrincipalType": "Group"}, {"RightName": "GetChanges", "IsInherited": false, "PrincipalSID": "DOLLARCORP.MONEYCORP.LOCAL-S-1-5-9", "PrincipalType": "Group"}, {"RightName": "WriteOwner", "IsInherited": false, "PrincipalSID": "S-1-5-21-719815819-3726368948-3917688648-512", "PrincipalType": "Group"}, {"RightName": "AllExtendedRights", "IsInherited": false, "PrincipalSID": "S-1-5-21-719815819-3726368948-3917688648-512", "PrincipalType": "Group"}, {"RightName": "WriteDacl", "IsInherited": false, "PrincipalSID": "S-1-5-21-719815819-3726368948-3917688648-512", "PrincipalType": "Group"}, {"RightName": "GenericAll", "IsInherited": false, "PrincipalSID": "S-1-5-21-335606122-960912869-3279953914-519", "PrincipalType": "Group"}, {"RightName": "WriteOwner", "IsInherited": false, "PrincipalSID": "DOLLARCORP.MONEYCORP.LOCAL-S-1-5-32-544", "PrincipalType": "Group"}, {"RightName": "AllExtendedRights", "IsInherited": false, "PrincipalSID": "DOLLARCORP.MONEYCORP.LOCAL-S-1-5-32-544", "PrincipalType": "Group"}, {"RightName": "WriteDacl", "IsInherited": false, "PrincipalSID": "DOLLARCORP.MONEYCORP.LOCAL-S-1-5-32-544", "PrincipalType": "Group"}], "Links": [{"IsEnforced": false, "GUID": "7FD00875-441D-44D8-A325-19BEE9B8800D"}], "ChildObjects": [{"ObjectIdentifier": "26057C28-C8DF-4342-9F70-B0298A794EEA", "ObjectType": "Container"}, {"ObjectIdentifier": "1C7CD8CB-D8BB-412F-9D76-9CFF8AFA021F", "ObjectType": "OU"}, {"ObjectIdentifier": "F49A5FA1-0296-4E75-9C2D-C68C3B872D15", "ObjectType": "OU"}, {"ObjectIdentifier": "C7495235-3FF7-47B4-B675-5F87085C4800", "ObjectType": "Container"}, {"ObjectIdentifier": "845414CC-1AD6-4837-84E9-B9892A5A65A7", "ObjectType": "Container"}, {"ObjectIdentifier": "802DA67F-F1F8-40A7-9D13-7E76CCB25E39", "ObjectType": "OU"}, {"ObjectIdentifier": "B8E71E2A-1AE4-4B9D-A714-12A25D127D5E", "ObjectType": "Container"}, {"ObjectIdentifier": "E33CFCDB-8C09-4A51-A0BF-C67815E72615", "ObjectType": "OU"}], "GPOChanges": {"AffectedComputers": [], "DcomUsers": [], "LocalAdmins": [], "PSRemoteUsers": [], "RemoteDesktopUsers": []}, "IsDeleted": false, "IsACLProtected": false}], "meta": {"type": "domains", "count": 1, "version": 5}}