{"data":[{"ObjectIdentifier": "S-1-5-21-719815819-3726368948-3917688648-5199", "AllowedToAct": [], "PrimaryGroupSID": "S-1-5-21-719815819-3726368948-3917688648-515", "LocalAdmins": {"Collected": true, "FailureReason": null, "Results": []}, "PSRemoteUsers": {"Collected": true, "FailureReason": null, "Results": []}, "Properties": {"name": "DCORP-STD79.DOLLARCORP.MONEYCORP.LOCAL", "domainsid": "S-1-5-21-719815819-3726368948-3917688648", "domain": "DOLLARCORP.MONEYCORP.LOCAL", "distinguishedname": "CN=DCORP-STD79,OU=STUDENTMACHINES,DC=DOLLARCORP,DC=MONEYCORP,DC=LOCAL", "unconstraineddelegation": false, "enabled": true, "trustedtoauth": false, "samaccountname": "DCORP-STD79$", "haslaps": false, "lastlogon": 1700276418, "lastlogontimestamp": 1700197799, "pwdlastset": 1680002855, "whencreated": 1680002855, "serviceprincipalnames": ["WSMAN/dcorp-std79", "WSMAN/dcorp-std79.dollarcorp.moneycorp.local", "TERMSRV/DCORP-STD79", "TERMSRV/dcorp-std79.dollarcorp.moneycorp.local", "RestrictedKrbHost/DCORP-STD79", "HOST/DCORP-STD79", "RestrictedKrbHost/dcorp-std79.dollarcorp.moneycorp.local", "HOST/dcorp-std79.dollarcorp.moneycorp.local"], "description": null, "operatingsystem": "Windows Server 2022 Standard", "sidhistory": []}, "RemoteDesktopUsers": {"Collected": true, "FailureReason": null, "Results": []}, "DcomUsers": {"Collected": true, "FailureReason": null, "Results": []}, "AllowedToDelegate": [], "Sessions": {"Collected": true, "FailureReason": null, "Results": []}, "PrivilegedSessions": {"Collected": false, "FailureReason": null, "Results": []}, "RegistrySessions": {"Collected": false, "FailureReason": null, "Results": []}, "Aces": [{"RightName": "Owns", "IsInherited": false, "PrincipalSID": "S-1-5-21-719815819-3726368948-3917688648-512", "PrincipalType": "Group"}, {"RightName": "GenericAll", "IsInherited": false, "PrincipalSID": "S-1-5-21-719815819-3726368948-3917688648-512", "PrincipalType": "Group"}, {"RightName": "GenericAll", "IsInherited": false, "PrincipalSID": "DOLLARCORP.MONEYCORP.LOCAL-S-1-5-32-548", "PrincipalType": "Group"}, {"RightName": "AddKeyCredentialLink", "IsInherited": true, "PrincipalSID": "S-1-5-21-335606122-960912869-3279953914-527", "PrincipalType": "Group"}, {"RightName": "AddKeyCredentialLink", "IsInherited": true, "PrincipalSID": "S-1-5-21-719815819-3726368948-3917688648-526", "PrincipalType": "Group"}, {"RightName": "GenericAll", "IsInherited": true, "PrincipalSID": "S-1-5-21-335606122-960912869-3279953914-519", "PrincipalType": "Group"}, {"RightName": "GenericWrite", "IsInherited": true, "PrincipalSID": "DOLLARCORP.MONEYCORP.LOCAL-S-1-5-32-544", "PrincipalType": "Group"}, {"RightName": "WriteOwner", "IsInherited": true, "PrincipalSID": "DOLLARCORP.MONEYCORP.LOCAL-S-1-5-32-544", "PrincipalType": "Group"}, {"RightName": "WriteDacl", "IsInherited": true, "PrincipalSID": "DOLLARCORP.MONEYCORP.LOCAL-S-1-5-32-544", "PrincipalType": "Group"}], "HasSIDHistory": [], "IsDeleted": false, "Status": null, "IsACLProtected": false},{"ObjectIdentifier": "S-1-5-21-719815819-3726368948-3917688648-5200", "AllowedToAct": [], "PrimaryGroupSID": "S-1-5-21-719815819-3726368948-3917688648-515", "LocalAdmins": {"Collected": true, "FailureReason": null, "Results": []}, "PSRemoteUsers": {"Collected": true, "FailureReason": null, "Results": []}, "Properties": {"name": "DCORP-STD80.DOLLARCORP.MONEYCORP.LOCAL", "domainsid": "S-1-5-21-719815819-3726368948-3917688648", "domain": "DOLLARCORP.MONEYCORP.LOCAL", "distinguishedname": "CN=DCORP-STD80,OU=STUDENTMACHINES,DC=DOLLARCORP,DC=MONEYCORP,DC=LOCAL", "unconstraineddelegation": false, "enabled": true, "trustedtoauth": false, "samaccountname": "DCORP-STD80$", "haslaps": false, "lastlogon": 1700276399, "lastlogontimestamp": 1700197347, "pwdlastset": 1680002865, "whencreated": 1680002865, "serviceprincipalnames": ["WSMAN/dcorp-std80", "WSMAN/dcorp-std80.dollarcorp.moneycorp.local", "TERMSRV/DCORP-STD80", "TERMSRV/dcorp-std80.dollarcorp.moneycorp.local", "RestrictedKrbHost/DCORP-STD80", "HOST/DCORP-STD80", "RestrictedKrbHost/dcorp-std80.dollarcorp.moneycorp.local", "HOST/dcorp-std80.dollarcorp.moneycorp.local"], "description": null, "operatingsystem": "Windows Server 2022 Standard", "sidhistory": []}, "RemoteDesktopUsers": {"Collected": true, "FailureReason": null, "Results": []}, "DcomUsers": {"Collected": true, "FailureReason": null, "Results": []}, "AllowedToDelegate": [], "Sessions": {"Collected": true, "FailureReason": null, "Results": []}, "PrivilegedSessions": {"Collected": false, "FailureReason": null, "Results": []}, "RegistrySessions": {"Collected": false, "FailureReason": null, "Results": []}, "Aces": [{"RightName": "Owns", "IsInherited": false, "PrincipalSID": "S-1-5-21-719815819-3726368948-3917688648-512", "PrincipalType": "Group"}, {"RightName": "GenericAll", "IsInherited": false, "PrincipalSID": "S-1-5-21-719815819-3726368948-3917688648-512", "PrincipalType": "Group"}, {"RightName": "GenericAll", "IsInherited": false, "PrincipalSID": "DOLLARCORP.MONEYCORP.LOCAL-S-1-5-32-548", "PrincipalType": "Group"}, {"RightName": "AddKeyCredentialLink", "IsInherited": true, "PrincipalSID": "S-1-5-21-335606122-960912869-3279953914-527", "PrincipalType": "Group"}, {"RightName": "AddKeyCredentialLink", "IsInherited": true, "PrincipalSID": "S-1-5-21-719815819-3726368948-3917688648-526", "PrincipalType": "Group"}, {"RightName": "GenericAll", "IsInherited": true, "PrincipalSID": "S-1-5-21-335606122-960912869-3279953914-519", "PrincipalType": "Group"}, {"RightName": "GenericWrite", "IsInherited": true, "PrincipalSID": "DOLLARCORP.MONEYCORP.LOCAL-S-1-5-32-544", "PrincipalType": "Group"}, {"RightName": "WriteOwner", "IsInherited": true, "PrincipalSID": "DOLLARCORP.MONEYCORP.LOCAL-S-1-5-32-544", "PrincipalType": "Group"}, {"RightName": "WriteDacl", "IsInherited": true, "PrincipalSID": "DOLLARCORP.MONEYCORP.LOCAL-S-1-5-32-544", "PrincipalType": "Group"}], "HasSIDHistory": [], "IsDeleted": false, "Status": null, "IsACLProtected": false},{"ObjectIdentifier": "S-1-5-21-719815819-3726368948-3917688648-5197", "AllowedToAct": [], "PrimaryGroupSID": "S-1-5-21-719815819-3726368948-3917688648-515", "LocalAdmins": {"Collected": true, "FailureReason": null, "Results": []}, "PSRemoteUsers": {"Collected": true, "FailureReason": null, "Results": []}, "Properties": {"name": "DCORP-STD77.DOLLARCORP.MONEYCORP.LOCAL", "domainsid": "S-1-5-21-719815819-3726368948-3917688648", "domain": "DOLLARCORP.MONEYCORP.LOCAL", "distinguishedname": "CN=DCORP-STD77,OU=STUDENTMACHINES,DC=DOLLARCORP,DC=MONEYCORP,DC=LOCAL", "unconstraineddelegation": false, "enabled": true, "trustedtoauth": false, "samaccountname": "DCORP-STD77$", "haslaps": false, "lastlogon": 1700276382, "lastlogontimestamp": 1700197890, "pwdlastset": 1680002836, "whencreated": 1680002836, "serviceprincipalnames": ["TERMSRV/DCORP-STD77", "TERMSRV/dcorp-std77.dollarcorp.moneycorp.local", "WSMAN/dcorp-std77", "WSMAN/dcorp-std77.dollarcorp.moneycorp.local", "RestrictedKrbHost/DCORP-STD77", "HOST/DCORP-STD77", "RestrictedKrbHost/dcorp-std77.dollarcorp.moneycorp.local", "HOST/dcorp-std77.dollarcorp.moneycorp.local"], "description": null, "operatingsystem": "Windows Server 2022 Standard", "sidhistory": []}, "RemoteDesktopUsers": {"Collected": true, "FailureReason": null, "Results": []}, "DcomUsers": {"Collected": true, "FailureReason": null, "Results": []}, "AllowedToDelegate": [], "Sessions": {"Collected": true, "FailureReason": null, "Results": []}, "PrivilegedSessions": {"Collected": false, "FailureReason": null, "Results": []}, "RegistrySessions": {"Collected": false, "FailureReason": null, "Results": []}, "Aces": [{"RightName": "Owns", "IsInherited": false, "PrincipalSID": "S-1-5-21-719815819-3726368948-3917688648-512", "PrincipalType": "Group"}, {"RightName": "GenericAll", "IsInherited": false, "PrincipalSID": "S-1-5-21-719815819-3726368948-3917688648-512", "PrincipalType": "Group"}, {"RightName": "GenericAll", "IsInherited": false, "PrincipalSID": "DOLLARCORP.MONEYCORP.LOCAL-S-1-5-32-548", "PrincipalType": "Group"}, {"RightName": "AddKeyCredentialLink", "IsInherited": true, "PrincipalSID": "S-1-5-21-335606122-960912869-3279953914-527", "PrincipalType": "Group"}, {"RightName": "AddKeyCredentialLink", "IsInherited": true, "PrincipalSID": "S-1-5-21-719815819-3726368948-3917688648-526", "PrincipalType": "Group"}, {"RightName": "GenericAll", "IsInherited": true, "PrincipalSID": "S-1-5-21-335606122-960912869-3279953914-519", "PrincipalType": "Group"}, {"RightName": "GenericWrite", "IsInherited": true, "PrincipalSID": "DOLLARCORP.MONEYCORP.LOCAL-S-1-5-32-544", "PrincipalType": "Group"}, {"RightName": "WriteOwner", "IsInherited": true, "PrincipalSID": "DOLLARCORP.MONEYCORP.LOCAL-S-1-5-32-544", "PrincipalType": "Group"}, {"RightName": "WriteDacl", "IsInherited": true, "PrincipalSID": "DOLLARCORP.MONEYCORP.LOCAL-S-1-5-32-544", "PrincipalType": "Group"}], "HasSIDHistory": [], "IsDeleted": false, "Status": null, "IsACLProtected": false},{"ObjectIdentifier": "S-1-5-21-719815819-3726368948-3917688648-5198", "AllowedToAct": [], "PrimaryGroupSID": "S-1-5-21-719815819-3726368948-3917688648-515", "LocalAdmins": {"Collected": true, "FailureReason": null, "Results": []}, "PSRemoteUsers": {"Collected": true, "FailureReason": null, "Results": []}, "Properties": {"name": "DCORP-STD78.DOLLARCORP.MONEYCORP.LOCAL", "domainsid": "S-1-5-21-719815819-3726368948-3917688648", "domain": "DOLLARCORP.MONEYCORP.LOCAL", "distinguishedname": "CN=DCORP-STD78,OU=STUDENTMACHINES,DC=DOLLARCORP,DC=MONEYCORP,DC=LOCAL", "unconstraineddelegation": false, "enabled": true, "trustedtoauth": false, "samaccountname": "DCORP-STD78$", "haslaps": false, "lastlogon": 1700276405, "lastlogontimestamp": 1700197530, "pwdlastset": 1680002846, "whencreated": 1680002846, "serviceprincipalnames": ["WSMAN/dcorp-std78", "WSMAN/dcorp-std78.dollarcorp.moneycorp.local", "TERMSRV/DCORP-STD78", "TERMSRV/dcorp-std78.dollarcorp.moneycorp.local", "RestrictedKrbHost/DCORP-STD78", "HOST/DCORP-STD78", "RestrictedKrbHost/dcorp-std78.dollarcorp.moneycorp.local", "HOST/dcorp-std78.dollarcorp.moneycorp.local"], "description": null, "operatingsystem": "Windows Server 2022 Standard", "sidhistory": []}, "RemoteDesktopUsers": {"Collected": true, "FailureReason": null, "Results": []}, "DcomUsers": {"Collected": true, "FailureReason": null, "Results": []}, "AllowedToDelegate": [], "Sessions": {"Collected": true, "FailureReason": null, "Results": []}, "PrivilegedSessions": {"Collected": false, "FailureReason": null, "Results": []}, "RegistrySessions": {"Collected": false, "FailureReason": null, "Results": []}, "Aces": [{"RightName": "Owns", "IsInherited": false, "PrincipalSID": "S-1-5-21-719815819-3726368948-3917688648-512", "PrincipalType": "Group"}, {"RightName": "GenericAll", "IsInherited": false, "PrincipalSID": "S-1-5-21-719815819-3726368948-3917688648-512", "PrincipalType": "Group"}, {"RightName": "GenericAll", "IsInherited": false, "PrincipalSID": "DOLLARCORP.MONEYCORP.LOCAL-S-1-5-32-548", "PrincipalType": "Group"}, {"RightName": "AddKeyCredentialLink", "IsInherited": true, "PrincipalSID": "S-1-5-21-335606122-960912869-3279953914-527", "PrincipalType": "Group"}, {"RightName": "AddKeyCredentialLink", "IsInherited": true, "PrincipalSID": "S-1-5-21-719815819-3726368948-3917688648-526", "PrincipalType": "Group"}, {"RightName": "GenericAll", "IsInherited": true, "PrincipalSID": "S-1-5-21-335606122-960912869-3279953914-519", "PrincipalType": "Group"}, {"RightName": "GenericWrite", "IsInherited": true, "PrincipalSID": "DOLLARCORP.MONEYCORP.LOCAL-S-1-5-32-544", "PrincipalType": "Group"}, {"RightName": "WriteOwner", "IsInherited": true, "PrincipalSID": "DOLLARCORP.MONEYCORP.LOCAL-S-1-5-32-544", "PrincipalType": "Group"}, {"RightName": "WriteDacl", "IsInherited": true, "PrincipalSID": "DOLLARCORP.MONEYCORP.LOCAL-S-1-5-32-544", "PrincipalType": "Group"}], "HasSIDHistory": [], "IsDeleted": false, "Status": null, "IsACLProtected": false},{"ObjectIdentifier": "S-1-5-21-719815819-3726368948-3917688648-5195", "AllowedToAct": [], "PrimaryGroupSID": "S-1-5-21-719815819-3726368948-3917688648-515", "LocalAdmins": {"Collected": true, "FailureReason": null, "Results": []}, "PSRemoteUsers": {"Collected": true, "FailureReason": null, "Results": []}, "Properties": {"name": "DCORP-STD75.DOLLARCORP.MONEYCORP.LOCAL", "domainsid": "S-1-5-21-719815819-3726368948-3917688648", "domain": "DOLLARCORP.MONEYCORP.LOCAL", "distinguishedname": "CN=DCORP-STD75,OU=STUDENTMACHINES,DC=DOLLARCORP,DC=MONEYCORP,DC=LOCAL", "unconstraineddelegation": false, "enabled": true, "trustedtoauth": false, "samaccountname": "DCORP-STD75$", "haslaps": false, "lastlogon": 1700276383, "lastlogontimestamp": 1700197827, "pwdlastset": 1680002817, "whencreated": 1680002817, "serviceprincipalnames": ["WSMAN/dcorp-std75", "WSMAN/dcorp-std75.dollarcorp.moneycorp.local", "TERMSRV/DCORP-STD75", "TERMSRV/dcorp-std75.dollarcorp.moneycorp.local", "RestrictedKrbHost/DCORP-STD75", "HOST/DCORP-STD75", "RestrictedKrbHost/dcorp-std75.dollarcorp.moneycorp.local", "HOST/dcorp-std75.dollarcorp.moneycorp.local"], "description": null, "operatingsystem": "Windows Server 2022 Standard", "sidhistory": []}, "RemoteDesktopUsers": {"Collected": true, "FailureReason": null, "Results": []}, "DcomUsers": {"Collected": true, "FailureReason": null, "Results": []}, "AllowedToDelegate": [], "Sessions": {"Collected": true, "FailureReason": null, "Results": []}, "PrivilegedSessions": {"Collected": false, "FailureReason": null, "Results": []}, "RegistrySessions": {"Collected": false, "FailureReason": null, "Results": []}, "Aces": [{"RightName": "Owns", "IsInherited": false, "PrincipalSID": "S-1-5-21-719815819-3726368948-3917688648-512", "PrincipalType": "Group"}, {"RightName": "GenericAll", "IsInherited": false, "PrincipalSID": "S-1-5-21-719815819-3726368948-3917688648-512", "PrincipalType": "Group"}, {"RightName": "GenericAll", "IsInherited": false, "PrincipalSID": "DOLLARCORP.MONEYCORP.LOCAL-S-1-5-32-548", "PrincipalType": "Group"}, {"RightName": "AddKeyCredentialLink", "IsInherited": true, "PrincipalSID": "S-1-5-21-335606122-960912869-3279953914-527", "PrincipalType": "Group"}, {"RightName": "AddKeyCredentialLink", "IsInherited": true, "PrincipalSID": "S-1-5-21-719815819-3726368948-3917688648-526", "PrincipalType": "Group"}, {"RightName": "GenericAll", "IsInherited": true, "PrincipalSID": "S-1-5-21-335606122-960912869-3279953914-519", "PrincipalType": "Group"}, {"RightName": "GenericWrite", "IsInherited": true, "PrincipalSID": "DOLLARCORP.MONEYCORP.LOCAL-S-1-5-32-544", "PrincipalType": "Group"}, {"RightName": "WriteOwner", "IsInherited": true, "PrincipalSID": "DOLLARCORP.MONEYCORP.LOCAL-S-1-5-32-544", "PrincipalType": "Group"}, {"RightName": "WriteDacl", "IsInherited": true, "PrincipalSID": "DOLLARCORP.MONEYCORP.LOCAL-S-1-5-32-544", "PrincipalType": "Group"}], "HasSIDHistory": [], "IsDeleted": false, "Status": null, "IsACLProtected": false},{"ObjectIdentifier": "S-1-5-21-719815819-3726368948-3917688648-5192", "AllowedToAct": [], "PrimaryGroupSID": "S-1-5-21-719815819-3726368948-3917688648-515", "LocalAdmins": {"Collected": true, "FailureReason": null, "Results": []}, "PSRemoteUsers": {"Collected": true, "FailureReason": null, "Results": []}, "Properties": {"name": "DCORP-STD72.DOLLARCORP.MONEYCORP.LOCAL", "domainsid": "S-1-5-21-719815819-3726368948-3917688648", "domain": "DOLLARCORP.MONEYCORP.LOCAL", "distinguishedname": "CN=DCORP-STD72,OU=STUDENTMACHINES,DC=DOLLARCORP,DC=MONEYCORP,DC=LOCAL", "unconstraineddelegation": false, "enabled": true, "trustedtoauth": false, "samaccountname": "DCORP-STD72$", "haslaps": false, "lastlogon": 1700276416, "lastlogontimestamp": 1700197411, "pwdlastset": 1680002784, "whencreated": 1680002784, "serviceprincipalnames": ["WSMAN/dcorp-std72", "WSMAN/dcorp-std72.dollarcorp.moneycorp.local", "TERMSRV/DCORP-STD72", "TERMSRV/dcorp-std72.dollarcorp.moneycorp.local", "RestrictedKrbHost/DCORP-STD72", "HOST/DCORP-STD72", "RestrictedKrbHost/dcorp-std72.dollarcorp.moneycorp.local", "HOST/dcorp-std72.dollarcorp.moneycorp.local"], "description": null, "operatingsystem": "Windows Server 2022 Standard", "sidhistory": []}, "RemoteDesktopUsers": {"Collected": true, "FailureReason": null, "Results": []}, "DcomUsers": {"Collected": true, "FailureReason": null, "Results": []}, "AllowedToDelegate": [], "Sessions": {"Collected": true, "FailureReason": null, "Results": []}, "PrivilegedSessions": {"Collected": false, "FailureReason": null, "Results": []}, "RegistrySessions": {"Collected": false, "FailureReason": null, "Results": []}, "Aces": [{"RightName": "Owns", "IsInherited": false, "PrincipalSID": "S-1-5-21-719815819-3726368948-3917688648-512", "PrincipalType": "Group"}, {"RightName": "GenericAll", "IsInherited": false, "PrincipalSID": "S-1-5-21-719815819-3726368948-3917688648-512", "PrincipalType": "Group"}, {"RightName": "GenericAll", "IsInherited": false, "PrincipalSID": "DOLLARCORP.MONEYCORP.LOCAL-S-1-5-32-548", "PrincipalType": "Group"}, {"RightName": "AddKeyCredentialLink", "IsInherited": true, "PrincipalSID": "S-1-5-21-335606122-960912869-3279953914-527", "PrincipalType": "Group"}, {"RightName": "AddKeyCredentialLink", "IsInherited": true, "PrincipalSID": "S-1-5-21-719815819-3726368948-3917688648-526", "PrincipalType": "Group"}, {"RightName": "GenericAll", "IsInherited": true, "PrincipalSID": "S-1-5-21-335606122-960912869-3279953914-519", "PrincipalType": "Group"}, {"RightName": "GenericWrite", "IsInherited": true, "PrincipalSID": "DOLLARCORP.MONEYCORP.LOCAL-S-1-5-32-544", "PrincipalType": "Group"}, {"RightName": "WriteOwner", "IsInherited": true, "PrincipalSID": "DOLLARCORP.MONEYCORP.LOCAL-S-1-5-32-544", "PrincipalType": "Group"}, {"RightName": "WriteDacl", "IsInherited": true, "PrincipalSID": "DOLLARCORP.MONEYCORP.LOCAL-S-1-5-32-544", "PrincipalType": "Group"}], "HasSIDHistory": [], "IsDeleted": false, "Status": null, "IsACLProtected": false},{"ObjectIdentifier": "S-1-5-21-719815819-3726368948-3917688648-5194", "AllowedToAct": [], "PrimaryGroupSID": "S-1-5-21-719815819-3726368948-3917688648-515", "LocalAdmins": {"Collected": true, "FailureReason": null, "Results": []}, "PSRemoteUsers": {"Collected": true, "FailureReason": null, "Results": []}, "Properties": {"name": "DCORP-STD74.DOLLARCORP.MONEYCORP.LOCAL", "domainsid": "S-1-5-21-719815819-3726368948-3917688648", "domain": "DOLLARCORP.MONEYCORP.LOCAL", "distinguishedname": "CN=DCORP-STD74,OU=STUDENTMACHINES,DC=DOLLARCORP,DC=MONEYCORP,DC=LOCAL", "unconstraineddelegation": false, "enabled": true, "trustedtoauth": false, "samaccountname": "DCORP-STD74$", "haslaps": false, "lastlogon": 1700276437, "lastlogontimestamp": 1700197305, "pwdlastset": 1680002806, "whencreated": 1680002806, "serviceprincipalnames": ["WSMAN/dcorp-std74", "WSMAN/dcorp-std74.dollarcorp.moneycorp.local", "TERMSRV/DCORP-STD74", "TERMSRV/dcorp-std74.dollarcorp.moneycorp.local", "RestrictedKrbHost/DCORP-STD74", "HOST/DCORP-STD74", "RestrictedKrbHost/dcorp-std74.dollarcorp.moneycorp.local", "HOST/dcorp-std74.dollarcorp.moneycorp.local"], "description": null, "operatingsystem": "Windows Server 2022 Standard", "sidhistory": []}, "RemoteDesktopUsers": {"Collected": true, "FailureReason": null, "Results": []}, "DcomUsers": {"Collected": true, "FailureReason": null, "Results": []}, "AllowedToDelegate": [], "Sessions": {"Collected": true, "FailureReason": null, "Results": []}, "PrivilegedSessions": {"Collected": false, "FailureReason": null, "Results": []}, "RegistrySessions": {"Collected": false, "FailureReason": null, "Results": []}, "Aces": [{"RightName": "Owns", "IsInherited": false, "PrincipalSID": "S-1-5-21-719815819-3726368948-3917688648-512", "PrincipalType": "Group"}, {"RightName": "GenericAll", "IsInherited": false, "PrincipalSID": "S-1-5-21-719815819-3726368948-3917688648-512", "PrincipalType": "Group"}, {"RightName": "GenericAll", "IsInherited": false, "PrincipalSID": "DOLLARCORP.MONEYCORP.LOCAL-S-1-5-32-548", "PrincipalType": "Group"}, {"RightName": "AddKeyCredentialLink", "IsInherited": true, "PrincipalSID": "S-1-5-21-335606122-960912869-3279953914-527", "PrincipalType": "Group"}, {"RightName": "AddKeyCredentialLink", "IsInherited": true, "PrincipalSID": "S-1-5-21-719815819-3726368948-3917688648-526", "PrincipalType": "Group"}, {"RightName": "GenericAll", "IsInherited": true, "PrincipalSID": "S-1-5-21-335606122-960912869-3279953914-519", "PrincipalType": "Group"}, {"RightName": "GenericWrite", "IsInherited": true, "PrincipalSID": "DOLLARCORP.MONEYCORP.LOCAL-S-1-5-32-544", "PrincipalType": "Group"}, {"RightName": "WriteOwner", "IsInherited": true, "PrincipalSID": "DOLLARCORP.MONEYCORP.LOCAL-S-1-5-32-544", "PrincipalType": "Group"}, {"RightName": "WriteDacl", "IsInherited": true, "PrincipalSID": "DOLLARCORP.MONEYCORP.LOCAL-S-1-5-32-544", "PrincipalType": "Group"}], "HasSIDHistory": [], "IsDeleted": false, "Status": null, "IsACLProtected": false},{"ObjectIdentifier": "S-1-5-21-719815819-3726368948-3917688648-5191", "AllowedToAct": [], "PrimaryGroupSID": "S-1-5-21-719815819-3726368948-3917688648-515", "LocalAdmins": {"Collected": true, "FailureReason": null, "Results": []}, "PSRemoteUsers": {"Collected": true, "FailureReason": null, "Results": []}, "Properties": {"name": "DCORP-STD71.DOLLARCORP.MONEYCORP.LOCAL", "domainsid": "S-1-5-21-719815819-3726368948-3917688648", "domain": "DOLLARCORP.MONEYCORP.LOCAL", "distinguishedname": "CN=DCORP-STD71,OU=STUDENTMACHINES,DC=DOLLARCORP,DC=MONEYCORP,DC=LOCAL", "unconstraineddelegation": false, "enabled": true, "trustedtoauth": false, "samaccountname": "DCORP-STD71$", "haslaps": false, "lastlogon": 1700276406, "lastlogontimestamp": 1700197339, "pwdlastset": 1680002773, "whencreated": 1680002773, "serviceprincipalnames": ["WSMAN/dcorp-std71", "WSMAN/dcorp-std71.dollarcorp.moneycorp.local", "TERMSRV/DCORP-STD71", "TERMSRV/dcorp-std71.dollarcorp.moneycorp.local", "RestrictedKrbHost/DCORP-STD71", "HOST/DCORP-STD71", "RestrictedKrbHost/dcorp-std71.dollarcorp.moneycorp.local", "HOST/dcorp-std71.dollarcorp.moneycorp.local"], "description": null, "operatingsystem": "Windows Server 2022 Standard", "sidhistory": []}, "RemoteDesktopUsers": {"Collected": true, "FailureReason": null, "Results": []}, "DcomUsers": {"Collected": true, "FailureReason": null, "Results": []}, "AllowedToDelegate": [], "Sessions": {"Collected": true, "FailureReason": null, "Results": []}, "PrivilegedSessions": {"Collected": false, "FailureReason": null, "Results": []}, "RegistrySessions": {"Collected": false, "FailureReason": null, "Results": []}, "Aces": [{"RightName": "Owns", "IsInherited": false, "PrincipalSID": "S-1-5-21-719815819-3726368948-3917688648-512", "PrincipalType": "Group"}, {"RightName": "GenericAll", "IsInherited": false, "PrincipalSID": "S-1-5-21-719815819-3726368948-3917688648-512", "PrincipalType": "Group"}, {"RightName": "GenericAll", "IsInherited": false, "PrincipalSID": "DOLLARCORP.MONEYCORP.LOCAL-S-1-5-32-548", "PrincipalType": "Group"}, {"RightName": "AddKeyCredentialLink", "IsInherited": true, "PrincipalSID": "S-1-5-21-335606122-960912869-3279953914-527", "PrincipalType": "Group"}, {"RightName": "AddKeyCredentialLink", "IsInherited": true, "PrincipalSID": "S-1-5-21-719815819-3726368948-3917688648-526", "PrincipalType": "Group"}, {"RightName": "GenericAll", "IsInherited": true, "PrincipalSID": "S-1-5-21-335606122-960912869-3279953914-519", "PrincipalType": "Group"}, {"RightName": "GenericWrite", "IsInherited": true, "PrincipalSID": "DOLLARCORP.MONEYCORP.LOCAL-S-1-5-32-544", "PrincipalType": "Group"}, {"RightName": "WriteOwner", "IsInherited": true, "PrincipalSID": "DOLLARCORP.MONEYCORP.LOCAL-S-1-5-32-544", "PrincipalType": "Group"}, {"RightName": "WriteDacl", "IsInherited": true, "PrincipalSID": "DOLLARCORP.MONEYCORP.LOCAL-S-1-5-32-544", "PrincipalType": "Group"}], "HasSIDHistory": [], "IsDeleted": false, "Status": null, "IsACLProtected": false},{"ObjectIdentifier": "S-1-5-21-719815819-3726368948-3917688648-5196", "AllowedToAct": [], "PrimaryGroupSID": "S-1-5-21-719815819-3726368948-3917688648-515", "LocalAdmins": {"Collected": true, "FailureReason": null, "Results": []}, "PSRemoteUsers": {"Collected": true, "FailureReason": null, "Results": []}, "Properties": {"name": "DCORP-STD76.DOLLARCORP.MONEYCORP.LOCAL", "domainsid": "S-1-5-21-719815819-3726368948-3917688648", "domain": "DOLLARCORP.MONEYCORP.LOCAL", "distinguishedname": "CN=DCORP-STD76,OU=STUDENTMACHINES,DC=DOLLARCORP,DC=MONEYCORP,DC=LOCAL", "unconstraineddelegation": false, "enabled": true, "trustedtoauth": false, "samaccountname": "DCORP-STD76$", "haslaps": false, "lastlogon": 1700276427, "lastlogontimestamp": 1700197423, "pwdlastset": 1699957519, "whencreated": 1680002827, "serviceprincipalnames": ["WSMAN/dcorp-std76", "WSMAN/dcorp-std76.dollarcorp.moneycorp.local", "TERMSRV/DCORP-STD76", "TERMSRV/dcorp-std76.dollarcorp.moneycorp.local", "RestrictedKrbHost/DCORP-STD76", "HOST/DCORP-STD76", "RestrictedKrbHost/dcorp-std76.dollarcorp.moneycorp.local", "HOST/dcorp-std76.dollarcorp.moneycorp.local"], "description": null, "operatingsystem": "Windows Server 2022 Standard", "sidhistory": []}, "RemoteDesktopUsers": {"Collected": true, "FailureReason": null, "Results": []}, "DcomUsers": {"Collected": true, "FailureReason": null, "Results": []}, "AllowedToDelegate": [], "Sessions": {"Collected": true, "FailureReason": null, "Results": []}, "PrivilegedSessions": {"Collected": false, "FailureReason": null, "Results": []}, "RegistrySessions": {"Collected": false, "FailureReason": null, "Results": []}, "Aces": [{"RightName": "Owns", "IsInherited": false, "PrincipalSID": "S-1-5-21-719815819-3726368948-3917688648-512", "PrincipalType": "Group"}, {"RightName": "GenericAll", "IsInherited": false, "PrincipalSID": "S-1-5-21-719815819-3726368948-3917688648-512", "PrincipalType": "Group"}, {"RightName": "GenericAll", "IsInherited": false, "PrincipalSID": "DOLLARCORP.MONEYCORP.LOCAL-S-1-5-32-548", "PrincipalType": "Group"}, {"RightName": "AddKeyCredentialLink", "IsInherited": true, "PrincipalSID": "S-1-5-21-335606122-960912869-3279953914-527", "PrincipalType": "Group"}, {"RightName": "AddKeyCredentialLink", "IsInherited": true, "PrincipalSID": "S-1-5-21-719815819-3726368948-3917688648-526", "PrincipalType": "Group"}, {"RightName": "GenericAll", "IsInherited": true, "PrincipalSID": "S-1-5-21-335606122-960912869-3279953914-519", "PrincipalType": "Group"}, {"RightName": "GenericWrite", "IsInherited": true, "PrincipalSID": "DOLLARCORP.MONEYCORP.LOCAL-S-1-5-32-544", "PrincipalType": "Group"}, {"RightName": "WriteOwner", "IsInherited": true, "PrincipalSID": "DOLLARCORP.MONEYCORP.LOCAL-S-1-5-32-544", "PrincipalType": "Group"}, {"RightName": "WriteDacl", "IsInherited": true, "PrincipalSID": "DOLLARCORP.MONEYCORP.LOCAL-S-1-5-32-544", "PrincipalType": "Group"}], "HasSIDHistory": [], "IsDeleted": false, "Status": null, "IsACLProtected": false},{"ObjectIdentifier": "S-1-5-21-719815819-3726368948-3917688648-5189", "AllowedToAct": [], "PrimaryGroupSID": "S-1-5-21-719815819-3726368948-3917688648-515", "LocalAdmins": {"Collected": true, "FailureReason": null, "Results": []}, "PSRemoteUsers": {"Collected": true, "FailureReason": null, "Results": []}, "Properties": {"name": "DCORP-STD69.DOLLARCORP.MONEYCORP.LOCAL", "domainsid": "S-1-5-21-719815819-3726368948-3917688648", "domain": "DOLLARCORP.MONEYCORP.LOCAL", "distinguishedname": "CN=DCORP-STD69,OU=STUDENTMACHINES,DC=DOLLARCORP,DC=MONEYCORP,DC=LOCAL", "unconstraineddelegation": false, "enabled": true, "trustedtoauth": false, "samaccountname": "DCORP-STD69$", "haslaps": false, "lastlogon": 1700276418, "lastlogontimestamp": 1700197414, "pwdlastset": 1680002750, "whencreated": 1680002750, "serviceprincipalnames": ["WSMAN/dcorp-std69", "WSMAN/dcorp-std69.dollarcorp.moneycorp.local", "TERMSRV/DCORP-STD69", "TERMSRV/dcorp-std69.dollarcorp.moneycorp.local", "RestrictedKrbHost/DCORP-STD69", "HOST/DCORP-STD69", "RestrictedKrbHost/dcorp-std69.dollarcorp.moneycorp.local", "HOST/dcorp-std69.dollarcorp.moneycorp.local"], "description": null, "operatingsystem": "Windows Server 2022 Standard", "sidhistory": []}, "RemoteDesktopUsers": {"Collected": true, "FailureReason": null, "Results": []}, "DcomUsers": {"Collected": true, "FailureReason": null, "Results": []}, "AllowedToDelegate": [], "Sessions": {"Collected": true, "FailureReason": null, "Results": []}, "PrivilegedSessions": {"Collected": false, "FailureReason": null, "Results": []}, "RegistrySessions": {"Collected": false, "FailureReason": null, "Results": []}, "Aces": [{"RightName": "Owns", "IsInherited": false, "PrincipalSID": "S-1-5-21-719815819-3726368948-3917688648-512", "PrincipalType": "Group"}, {"RightName": "GenericAll", "IsInherited": false, "PrincipalSID": "S-1-5-21-719815819-3726368948-3917688648-512", "PrincipalType": "Group"}, {"RightName": "GenericAll", "IsInherited": false, "PrincipalSID": "DOLLARCORP.MONEYCORP.LOCAL-S-1-5-32-548", "PrincipalType": "Group"}, {"RightName": "AddKeyCredentialLink", "IsInherited": true, "PrincipalSID": "S-1-5-21-335606122-960912869-3279953914-527", "PrincipalType": "Group"}, {"RightName": "AddKeyCredentialLink", "IsInherited": true, "PrincipalSID": "S-1-5-21-719815819-3726368948-3917688648-526", "PrincipalType": "Group"}, {"RightName": "GenericAll", "IsInherited": true, "PrincipalSID": "S-1-5-21-335606122-960912869-3279953914-519", "PrincipalType": "Group"}, {"RightName": "GenericWrite", "IsInherited": true, "PrincipalSID": "DOLLARCORP.MONEYCORP.LOCAL-S-1-5-32-544", "PrincipalType": "Group"}, {"RightName": "WriteOwner", "IsInherited": true, "PrincipalSID": "DOLLARCORP.MONEYCORP.LOCAL-S-1-5-32-544", "PrincipalType": "Group"}, {"RightName": "WriteDacl", "IsInherited": true, "PrincipalSID": "DOLLARCORP.MONEYCORP.LOCAL-S-1-5-32-544", "PrincipalType": "Group"}], "HasSIDHistory": [], "IsDeleted": false, "Status": null, "IsACLProtected": false},{"ObjectIdentifier": "S-1-5-21-719815819-3726368948-3917688648-5187", "AllowedToAct": [], "PrimaryGroupSID": "S-1-5-21-719815819-3726368948-3917688648-515", "LocalAdmins": {"Collected": true, "FailureReason": null, "Results": []}, "PSRemoteUsers": {"Collected": true, "FailureReason": null, "Results": []}, "Properties": {"name": "DCORP-STD67.DOLLARCORP.MONEYCORP.LOCAL", "domainsid": "S-1-5-21-719815819-3726368948-3917688648", "domain": "DOLLARCORP.MONEYCORP.LOCAL", "distinguishedname": "CN=DCORP-STD67,OU=STUDENTMACHINES,DC=DOLLARCORP,DC=MONEYCORP,DC=LOCAL", "unconstraineddelegation": false, "enabled": true, "trustedtoauth": false, "samaccountname": "DCORP-STD67$", "haslaps": false, "lastlogon": 1700276386, "lastlogontimestamp": 1700197383, "pwdlastset": 1680002728, "whencreated": 1680002728, "serviceprincipalnames": ["WSMAN/dcorp-std67", "WSMAN/dcorp-std67.dollarcorp.moneycorp.local", "TERMSRV/DCORP-STD67", "TERMSRV/dcorp-std67.dollarcorp.moneycorp.local", "RestrictedKrbHost/DCORP-STD67", "HOST/DCORP-STD67", "RestrictedKrbHost/dcorp-std67.dollarcorp.moneycorp.local", "HOST/dcorp-std67.dollarcorp.moneycorp.local"], "description": null, "operatingsystem": "Windows Server 2022 Standard", "sidhistory": []}, "RemoteDesktopUsers": {"Collected": true, "FailureReason": null, "Results": []}, "DcomUsers": {"Collected": true, "FailureReason": null, "Results": []}, "AllowedToDelegate": [], "Sessions": {"Collected": true, "FailureReason": null, "Results": []}, "PrivilegedSessions": {"Collected": false, "FailureReason": null, "Results": []}, "RegistrySessions": {"Collected": false, "FailureReason": null, "Results": []}, "Aces": [{"RightName": "Owns", "IsInherited": false, "PrincipalSID": "S-1-5-21-719815819-3726368948-3917688648-512", "PrincipalType": "Group"}, {"RightName": "GenericAll", "IsInherited": false, "PrincipalSID": "S-1-5-21-719815819-3726368948-3917688648-512", "PrincipalType": "Group"}, {"RightName": "GenericAll", "IsInherited": false, "PrincipalSID": "DOLLARCORP.MONEYCORP.LOCAL-S-1-5-32-548", "PrincipalType": "Group"}, {"RightName": "AddKeyCredentialLink", "IsInherited": true, "PrincipalSID": "S-1-5-21-335606122-960912869-3279953914-527", "PrincipalType": "Group"}, {"RightName": "AddKeyCredentialLink", "IsInherited": true, "PrincipalSID": "S-1-5-21-719815819-3726368948-3917688648-526", "PrincipalType": "Group"}, {"RightName": "GenericAll", "IsInherited": true, "PrincipalSID": "S-1-5-21-335606122-960912869-3279953914-519", "PrincipalType": "Group"}, {"RightName": "GenericWrite", "IsInherited": true, "PrincipalSID": "DOLLARCORP.MONEYCORP.LOCAL-S-1-5-32-544", "PrincipalType": "Group"}, {"RightName": "WriteOwner", "IsInherited": true, "PrincipalSID": "DOLLARCORP.MONEYCORP.LOCAL-S-1-5-32-544", "PrincipalType": "Group"}, {"RightName": "WriteDacl", "IsInherited": true, "PrincipalSID": "DOLLARCORP.MONEYCORP.LOCAL-S-1-5-32-544", "PrincipalType": "Group"}], "HasSIDHistory": [], "IsDeleted": false, "Status": null, "IsACLProtected": false},{"ObjectIdentifier": "S-1-5-21-719815819-3726368948-3917688648-5188", "AllowedToAct": [], "PrimaryGroupSID": "S-1-5-21-719815819-3726368948-3917688648-515", "LocalAdmins": {"Collected": true, "FailureReason": null, "Results": []}, "PSRemoteUsers": {"Collected": true, "FailureReason": null, "Results": []}, "Properties": {"name": "DCORP-STD68.DOLLARCORP.MONEYCORP.LOCAL", "domainsid": "S-1-5-21-719815819-3726368948-3917688648", "domain": "DOLLARCORP.MONEYCORP.LOCAL", "distinguishedname": "CN=DCORP-STD68,OU=STUDENTMACHINES,DC=DOLLARCORP,DC=MONEYCORP,DC=LOCAL", "unconstraineddelegation": false, "enabled": true, "trustedtoauth": false, "samaccountname": "DCORP-STD68$", "haslaps": false, "lastlogon": 1700276394, "lastlogontimestamp": 1700197327, "pwdlastset": 1680002740, "whencreated": 1680002740, "serviceprincipalnames": ["WSMAN/dcorp-std68", "WSMAN/dcorp-std68.dollarcorp.moneycorp.local", "TERMSRV/DCORP-STD68", "TERMSRV/dcorp-std68.dollarcorp.moneycorp.local", "RestrictedKrbHost/DCORP-STD68", "HOST/DCORP-STD68", "RestrictedKrbHost/dcorp-std68.dollarcorp.moneycorp.local", "HOST/dcorp-std68.dollarcorp.moneycorp.local"], "description": null, "operatingsystem": "Windows Server 2022 Standard", "sidhistory": []}, "RemoteDesktopUsers": {"Collected": true, "FailureReason": null, "Results": []}, "DcomUsers": {"Collected": true, "FailureReason": null, "Results": []}, "AllowedToDelegate": [], "Sessions": {"Collected": true, "FailureReason": null, "Results": []}, "PrivilegedSessions": {"Collected": false, "FailureReason": null, "Results": []}, "RegistrySessions": {"Collected": false, "FailureReason": null, "Results": []}, "Aces": [{"RightName": "Owns", "IsInherited": false, "PrincipalSID": "S-1-5-21-719815819-3726368948-3917688648-512", "PrincipalType": "Group"}, {"RightName": "GenericAll", "IsInherited": false, "PrincipalSID": "S-1-5-21-719815819-3726368948-3917688648-512", "PrincipalType": "Group"}, {"RightName": "GenericAll", "IsInherited": false, "PrincipalSID": "DOLLARCORP.MONEYCORP.LOCAL-S-1-5-32-548", "PrincipalType": "Group"}, {"RightName": "AddKeyCredentialLink", "IsInherited": true, "PrincipalSID": "S-1-5-21-335606122-960912869-3279953914-527", "PrincipalType": "Group"}, {"RightName": "AddKeyCredentialLink", "IsInherited": true, "PrincipalSID": "S-1-5-21-719815819-3726368948-3917688648-526", "PrincipalType": "Group"}, {"RightName": "GenericAll", "IsInherited": true, "PrincipalSID": "S-1-5-21-335606122-960912869-3279953914-519", "PrincipalType": "Group"}, {"RightName": "GenericWrite", "IsInherited": true, "PrincipalSID": "DOLLARCORP.MONEYCORP.LOCAL-S-1-5-32-544", "PrincipalType": "Group"}, {"RightName": "WriteOwner", "IsInherited": true, "PrincipalSID": "DOLLARCORP.MONEYCORP.LOCAL-S-1-5-32-544", "PrincipalType": "Group"}, {"RightName": "WriteDacl", "IsInherited": true, "PrincipalSID": "DOLLARCORP.MONEYCORP.LOCAL-S-1-5-32-544", "PrincipalType": "Group"}], "HasSIDHistory": [], "IsDeleted": false, "Status": null, "IsACLProtected": false},{"ObjectIdentifier": "S-1-5-21-719815819-3726368948-3917688648-5185", "AllowedToAct": [], "PrimaryGroupSID": "S-1-5-21-719815819-3726368948-3917688648-515", "LocalAdmins": {"Collected": true, "FailureReason": null, "Results": []}, "PSRemoteUsers": {"Collected": true, "FailureReason": null, "Results": []}, "Properties": {"name": "DCORP-STD65.DOLLARCORP.MONEYCORP.LOCAL", "domainsid": "S-1-5-21-719815819-3726368948-3917688648", "domain": "DOLLARCORP.MONEYCORP.LOCAL", "distinguishedname": "CN=DCORP-STD65,OU=STUDENTMACHINES,DC=DOLLARCORP,DC=MONEYCORP,DC=LOCAL", "unconstraineddelegation": false, "enabled": true, "trustedtoauth": false, "samaccountname": "DCORP-STD65$", "haslaps": false, "lastlogon": 1700276386, "lastlogontimestamp": 1700197383, "pwdlastset": 1680002705, "whencreated": 1680002704, "serviceprincipalnames": ["WSMAN/dcorp-std65", "WSMAN/dcorp-std65.dollarcorp.moneycorp.local", "TERMSRV/DCORP-STD65", "TERMSRV/dcorp-std65.dollarcorp.moneycorp.local", "RestrictedKrbHost/DCORP-STD65", "HOST/DCORP-STD65", "RestrictedKrbHost/dcorp-std65.dollarcorp.moneycorp.local", "HOST/dcorp-std65.dollarcorp.moneycorp.local"], "description": null, "operatingsystem": "Windows Server 2022 Standard", "sidhistory": []}, "RemoteDesktopUsers": {"Collected": true, "FailureReason": null, "Results": []}, "DcomUsers": {"Collected": true, "FailureReason": null, "Results": []}, "AllowedToDelegate": [], "Sessions": {"Collected": true, "FailureReason": null, "Results": []}, "PrivilegedSessions": {"Collected": false, "FailureReason": null, "Results": []}, "RegistrySessions": {"Collected": false, "FailureReason": null, "Results": []}, "Aces": [{"RightName": "Owns", "IsInherited": false, "PrincipalSID": "S-1-5-21-719815819-3726368948-3917688648-512", "PrincipalType": "Group"}, {"RightName": "GenericAll", "IsInherited": false, "PrincipalSID": "S-1-5-21-719815819-3726368948-3917688648-512", "PrincipalType": "Group"}, {"RightName": "GenericAll", "IsInherited": false, "PrincipalSID": "DOLLARCORP.MONEYCORP.LOCAL-S-1-5-32-548", "PrincipalType": "Group"}, {"RightName": "AddKeyCredentialLink", "IsInherited": true, "PrincipalSID": "S-1-5-21-335606122-960912869-3279953914-527", "PrincipalType": "Group"}, {"RightName": "AddKeyCredentialLink", "IsInherited": true, "PrincipalSID": "S-1-5-21-719815819-3726368948-3917688648-526", "PrincipalType": "Group"}, {"RightName": "GenericAll", "IsInherited": true, "PrincipalSID": "S-1-5-21-335606122-960912869-3279953914-519", "PrincipalType": "Group"}, {"RightName": "GenericWrite", "IsInherited": true, "PrincipalSID": "DOLLARCORP.MONEYCORP.LOCAL-S-1-5-32-544", "PrincipalType": "Group"}, {"RightName": "WriteOwner", "IsInherited": true, "PrincipalSID": "DOLLARCORP.MONEYCORP.LOCAL-S-1-5-32-544", "PrincipalType": "Group"}, {"RightName": "WriteDacl", "IsInherited": true, "PrincipalSID": "DOLLARCORP.MONEYCORP.LOCAL-S-1-5-32-544", "PrincipalType": "Group"}], "HasSIDHistory": [], "IsDeleted": false, "Status": null, "IsACLProtected": false},{"ObjectIdentifier": "S-1-5-21-719815819-3726368948-3917688648-5186", "AllowedToAct": [], "PrimaryGroupSID": "S-1-5-21-719815819-3726368948-3917688648-515", "LocalAdmins": {"Collected": true, "FailureReason": null, "Results": []}, "PSRemoteUsers": {"Collected": true, "FailureReason": null, "Results": []}, "Properties": {"name": "DCORP-STD66.DOLLARCORP.MONEYCORP.LOCAL", "domainsid": "S-1-5-21-719815819-3726368948-3917688648", "domain": "DOLLARCORP.MONEYCORP.LOCAL", "distinguishedname": "CN=DCORP-STD66,OU=STUDENTMACHINES,DC=DOLLARCORP,DC=MONEYCORP,DC=LOCAL", "unconstraineddelegation": false, "enabled": true, "trustedtoauth": false, "samaccountname": "DCORP-STD66$", "haslaps": false, "lastlogon": 1700276393, "lastlogontimestamp": 1700197325, "pwdlastset": 1680002716, "whencreated": 1680002716, "serviceprincipalnames": ["WSMAN/dcorp-std66", "WSMAN/dcorp-std66.dollarcorp.moneycorp.local", "TERMSRV/DCORP-STD66", "TERMSRV/dcorp-std66.dollarcorp.moneycorp.local", "RestrictedKrbHost/DCORP-STD66", "HOST/DCORP-STD66", "RestrictedKrbHost/dcorp-std66.dollarcorp.moneycorp.local", "HOST/dcorp-std66.dollarcorp.moneycorp.local"], "description": null, "operatingsystem": "Windows Server 2022 Standard", "sidhistory": []}, "RemoteDesktopUsers": {"Collected": true, "FailureReason": null, "Results": []}, "DcomUsers": {"Collected": true, "FailureReason": null, "Results": []}, "AllowedToDelegate": [], "Sessions": {"Collected": true, "FailureReason": null, "Results": []}, "PrivilegedSessions": {"Collected": false, "FailureReason": null, "Results": []}, "RegistrySessions": {"Collected": false, "FailureReason": null, "Results": []}, "Aces": [{"RightName": "Owns", "IsInherited": false, "PrincipalSID": "S-1-5-21-719815819-3726368948-3917688648-512", "PrincipalType": "Group"}, {"RightName": "GenericAll", "IsInherited": false, "PrincipalSID": "S-1-5-21-719815819-3726368948-3917688648-512", "PrincipalType": "Group"}, {"RightName": "GenericAll", "IsInherited": false, "PrincipalSID": "DOLLARCORP.MONEYCORP.LOCAL-S-1-5-32-548", "PrincipalType": "Group"}, {"RightName": "AddKeyCredentialLink", "IsInherited": true, "PrincipalSID": "S-1-5-21-335606122-960912869-3279953914-527", "PrincipalType": "Group"}, {"RightName": "AddKeyCredentialLink", "IsInherited": true, "PrincipalSID": "S-1-5-21-719815819-3726368948-3917688648-526", "PrincipalType": "Group"}, {"RightName": "GenericAll", "IsInherited": true, "PrincipalSID": "S-1-5-21-335606122-960912869-3279953914-519", "PrincipalType": "Group"}, {"RightName": "GenericWrite", "IsInherited": true, "PrincipalSID": "DOLLARCORP.MONEYCORP.LOCAL-S-1-5-32-544", "PrincipalType": "Group"}, {"RightName": "WriteOwner", "IsInherited": true, "PrincipalSID": "DOLLARCORP.MONEYCORP.LOCAL-S-1-5-32-544", "PrincipalType": "Group"}, {"RightName": "WriteDacl", "IsInherited": true, "PrincipalSID": "DOLLARCORP.MONEYCORP.LOCAL-S-1-5-32-544", "PrincipalType": "Group"}], "HasSIDHistory": [], "IsDeleted": false, "Status": null, "IsACLProtected": false},{"ObjectIdentifier": "S-1-5-21-719815819-3726368948-3917688648-5190", "AllowedToAct": [], "PrimaryGroupSID": "S-1-5-21-719815819-3726368948-3917688648-515", "LocalAdmins": {"Collected": true, "FailureReason": null, "Results": []}, "PSRemoteUsers": {"Collected": true, "FailureReason": null, "Results": []}, "Properties": {"name": "DCORP-STD70.DOLLARCORP.MONEYCORP.LOCAL", "domainsid": "S-1-5-21-719815819-3726368948-3917688648", "domain": "DOLLARCORP.MONEYCORP.LOCAL", "distinguishedname": "CN=DCORP-STD70,OU=STUDENTMACHINES,DC=DOLLARCORP,DC=MONEYCORP,DC=LOCAL", "unconstraineddelegation": false, "enabled": true, "trustedtoauth": false, "samaccountname": "DCORP-STD70$", "haslaps": false, "lastlogon": 1700276402, "lastlogontimestamp": 1700197441, "pwdlastset": 1680002762, "whencreated": 1680002762, "serviceprincipalnames": ["TERMSRV/DCORP-STD70", "TERMSRV/dcorp-std70.dollarcorp.moneycorp.local", "WSMAN/dcorp-std70", "WSMAN/dcorp-std70.dollarcorp.moneycorp.local", "RestrictedKrbHost/DCORP-STD70", "HOST/DCORP-STD70", "RestrictedKrbHost/dcorp-std70.dollarcorp.moneycorp.local", "HOST/dcorp-std70.dollarcorp.moneycorp.local"], "description": null, "operatingsystem": "Windows Server 2022 Standard", "sidhistory": []}, "RemoteDesktopUsers": {"Collected": true, "FailureReason": null, "Results": []}, "DcomUsers": {"Collected": true, "FailureReason": null, "Results": []}, "AllowedToDelegate": [], "Sessions": {"Collected": true, "FailureReason": null, "Results": []}, "PrivilegedSessions": {"Collected": false, "FailureReason": null, "Results": []}, "RegistrySessions": {"Collected": false, "FailureReason": null, "Results": []}, "Aces": [{"RightName": "Owns", "IsInherited": false, "PrincipalSID": "S-1-5-21-719815819-3726368948-3917688648-512", "PrincipalType": "Group"}, {"RightName": "GenericAll", "IsInherited": false, "PrincipalSID": "S-1-5-21-719815819-3726368948-3917688648-512", "PrincipalType": "Group"}, {"RightName": "GenericAll", "IsInherited": false, "PrincipalSID": "DOLLARCORP.MONEYCORP.LOCAL-S-1-5-32-548", "PrincipalType": "Group"}, {"RightName": "AddKeyCredentialLink", "IsInherited": true, "PrincipalSID": "S-1-5-21-335606122-960912869-3279953914-527", "PrincipalType": "Group"}, {"RightName": "AddKeyCredentialLink", "IsInherited": true, "PrincipalSID": "S-1-5-21-719815819-3726368948-3917688648-526", "PrincipalType": "Group"}, {"RightName": "GenericAll", "IsInherited": true, "PrincipalSID": "S-1-5-21-335606122-960912869-3279953914-519", "PrincipalType": "Group"}, {"RightName": "GenericWrite", "IsInherited": true, "PrincipalSID": "DOLLARCORP.MONEYCORP.LOCAL-S-1-5-32-544", "PrincipalType": "Group"}, {"RightName": "WriteOwner", "IsInherited": true, "PrincipalSID": "DOLLARCORP.MONEYCORP.LOCAL-S-1-5-32-544", "PrincipalType": "Group"}, {"RightName": "WriteDacl", "IsInherited": true, "PrincipalSID": "DOLLARCORP.MONEYCORP.LOCAL-S-1-5-32-544", "PrincipalType": "Group"}], "HasSIDHistory": [], "IsDeleted": false, "Status": null, "IsACLProtected": false},{"ObjectIdentifier": "S-1-5-21-719815819-3726368948-3917688648-5184", "AllowedToAct": [], "PrimaryGroupSID": "S-1-5-21-719815819-3726368948-3917688648-515", "LocalAdmins": {"Collected": true, "FailureReason": null, "Results": []}, "PSRemoteUsers": {"Collected": true, "FailureReason": null, "Results": []}, "Properties": {"name": "DCORP-STD64.DOLLARCORP.MONEYCORP.LOCAL", "domainsid": "S-1-5-21-719815819-3726368948-3917688648", "domain": "DOLLARCORP.MONEYCORP.LOCAL", "distinguishedname": "CN=DCORP-STD64,OU=STUDENTMACHINES,DC=DOLLARCORP,DC=MONEYCORP,DC=LOCAL", "unconstraineddelegation": false, "enabled": true, "trustedtoauth": false, "samaccountname": "DCORP-STD64$", "haslaps": false, "lastlogon": 1700276400, "lastlogontimestamp": 1700197395, "pwdlastset": 1680002694, "whencreated": 1680002694, "serviceprincipalnames": ["WSMAN/dcorp-std64", "WSMAN/dcorp-std64.dollarcorp.moneycorp.local", "TERMSRV/DCORP-STD64", "TERMSRV/dcorp-std64.dollarcorp.moneycorp.local", "RestrictedKrbHost/DCORP-STD64", "HOST/DCORP-STD64", "RestrictedKrbHost/dcorp-std64.dollarcorp.moneycorp.local", "HOST/dcorp-std64.dollarcorp.moneycorp.local"], "description": null, "operatingsystem": "Windows Server 2022 Standard", "sidhistory": []}, "RemoteDesktopUsers": {"Collected": true, "FailureReason": null, "Results": []}, "DcomUsers": {"Collected": true, "FailureReason": null, "Results": []}, "AllowedToDelegate": [], "Sessions": {"Collected": true, "FailureReason": null, "Results": []}, "PrivilegedSessions": {"Collected": false, "FailureReason": null, "Results": []}, "RegistrySessions": {"Collected": false, "FailureReason": null, "Results": []}, "Aces": [{"RightName": "Owns", "IsInherited": false, "PrincipalSID": "S-1-5-21-719815819-3726368948-3917688648-512", "PrincipalType": "Group"}, {"RightName": "GenericAll", "IsInherited": false, "PrincipalSID": "S-1-5-21-719815819-3726368948-3917688648-512", "PrincipalType": "Group"}, {"RightName": "GenericAll", "IsInherited": false, "PrincipalSID": "DOLLARCORP.MONEYCORP.LOCAL-S-1-5-32-548", "PrincipalType": "Group"}, {"RightName": "AddKeyCredentialLink", "IsInherited": true, "PrincipalSID": "S-1-5-21-335606122-960912869-3279953914-527", "PrincipalType": "Group"}, {"RightName": "AddKeyCredentialLink", "IsInherited": true, "PrincipalSID": "S-1-5-21-719815819-3726368948-3917688648-526", "PrincipalType": "Group"}, {"RightName": "GenericAll", "IsInherited": true, "PrincipalSID": "S-1-5-21-335606122-960912869-3279953914-519", "PrincipalType": "Group"}, {"RightName": "GenericWrite", "IsInherited": true, "PrincipalSID": "DOLLARCORP.MONEYCORP.LOCAL-S-1-5-32-544", "PrincipalType": "Group"}, {"RightName": "WriteOwner", "IsInherited": true, "PrincipalSID": "DOLLARCORP.MONEYCORP.LOCAL-S-1-5-32-544", "PrincipalType": "Group"}, {"RightName": "WriteDacl", "IsInherited": true, "PrincipalSID": "DOLLARCORP.MONEYCORP.LOCAL-S-1-5-32-544", "PrincipalType": "Group"}], "HasSIDHistory": [], "IsDeleted": false, "Status": null, "IsACLProtected": false},{"ObjectIdentifier": "S-1-5-21-719815819-3726368948-3917688648-5182", "AllowedToAct": [], "PrimaryGroupSID": "S-1-5-21-719815819-3726368948-3917688648-515", "LocalAdmins": {"Collected": true, "FailureReason": null, "Results": []}, "PSRemoteUsers": {"Collected": true, "FailureReason": null, "Results": []}, "Properties": {"name": "DCORP-STD62.DOLLARCORP.MONEYCORP.LOCAL", "domainsid": "S-1-5-21-719815819-3726368948-3917688648", "domain": "DOLLARCORP.MONEYCORP.LOCAL", "distinguishedname": "CN=DCORP-STD62,OU=STUDENTMACHINES,DC=DOLLARCORP,DC=MONEYCORP,DC=LOCAL", "unconstraineddelegation": false, "enabled": true, "trustedtoauth": false, "samaccountname": "DCORP-STD62$", "haslaps": false, "lastlogon": 1700276429, "lastlogontimestamp": 1700197298, "pwdlastset": 1680002656, "whencreated": 1680002656, "serviceprincipalnames": ["TERMSRV/DCORP-STD62", "TERMSRV/dcorp-std62.dollarcorp.moneycorp.local", "RestrictedKrbHost/DCORP-STD62", "HOST/DCORP-STD62", "RestrictedKrbHost/dcorp-std62.dollarcorp.moneycorp.local", "HOST/dcorp-std62.dollarcorp.moneycorp.local"], "description": null, "operatingsystem": "Windows Server 2022 Standard", "sidhistory": []}, "RemoteDesktopUsers": {"Collected": true, "FailureReason": null, "Results": []}, "DcomUsers": {"Collected": true, "FailureReason": null, "Results": []}, "AllowedToDelegate": [], "Sessions": {"Collected": true, "FailureReason": null, "Results": []}, "PrivilegedSessions": {"Collected": false, "FailureReason": null, "Results": []}, "RegistrySessions": {"Collected": false, "FailureReason": null, "Results": []}, "Aces": [{"RightName": "Owns", "IsInherited": false, "PrincipalSID": "S-1-5-21-719815819-3726368948-3917688648-512", "PrincipalType": "Group"}, {"RightName": "GenericAll", "IsInherited": false, "PrincipalSID": "S-1-5-21-719815819-3726368948-3917688648-512", "PrincipalType": "Group"}, {"RightName": "GenericAll", "IsInherited": false, "PrincipalSID": "DOLLARCORP.MONEYCORP.LOCAL-S-1-5-32-548", "PrincipalType": "Group"}, {"RightName": "AddKeyCredentialLink", "IsInherited": true, "PrincipalSID": "S-1-5-21-335606122-960912869-3279953914-527", "PrincipalType": "Group"}, {"RightName": "AddKeyCredentialLink", "IsInherited": true, "PrincipalSID": "S-1-5-21-719815819-3726368948-3917688648-526", "PrincipalType": "Group"}, {"RightName": "GenericAll", "IsInherited": true, "PrincipalSID": "S-1-5-21-335606122-960912869-3279953914-519", "PrincipalType": "Group"}, {"RightName": "GenericWrite", "IsInherited": true, "PrincipalSID": "DOLLARCORP.MONEYCORP.LOCAL-S-1-5-32-544", "PrincipalType": "Group"}, {"RightName": "WriteOwner", "IsInherited": true, "PrincipalSID": "DOLLARCORP.MONEYCORP.LOCAL-S-1-5-32-544", "PrincipalType": "Group"}, {"RightName": "WriteDacl", "IsInherited": true, "PrincipalSID": "DOLLARCORP.MONEYCORP.LOCAL-S-1-5-32-544", "PrincipalType": "Group"}], "HasSIDHistory": [], "IsDeleted": false, "Status": null, "IsACLProtected": false},{"ObjectIdentifier": "S-1-5-21-719815819-3726368948-3917688648-5183", "AllowedToAct": [], "PrimaryGroupSID": "S-1-5-21-719815819-3726368948-3917688648-515", "LocalAdmins": {"Collected": true, "FailureReason": null, "Results": []}, "PSRemoteUsers": {"Collected": true, "FailureReason": null, "Results": []}, "Properties": {"name": "DCORP-STD63.DOLLARCORP.MONEYCORP.LOCAL", "domainsid": "S-1-5-21-719815819-3726368948-3917688648", "domain": "DOLLARCORP.MONEYCORP.LOCAL", "distinguishedname": "CN=DCORP-STD63,OU=STUDENTMACHINES,DC=DOLLARCORP,DC=MONEYCORP,DC=LOCAL", "unconstraineddelegation": false, "enabled": true, "trustedtoauth": false, "samaccountname": "DCORP-STD63$", "haslaps": false, "lastlogon": 1700276403, "lastlogontimestamp": 1700197333, "pwdlastset": 1680002683, "whencreated": 1680002683, "serviceprincipalnames": ["TERMSRV/DCORP-STD63", "TERMSRV/dcorp-std63.dollarcorp.moneycorp.local", "WSMAN/dcorp-std63", "WSMAN/dcorp-std63.dollarcorp.moneycorp.local", "RestrictedKrbHost/DCORP-STD63", "HOST/DCORP-STD63", "RestrictedKrbHost/dcorp-std63.dollarcorp.moneycorp.local", "HOST/dcorp-std63.dollarcorp.moneycorp.local"], "description": null, "operatingsystem": "Windows Server 2022 Standard", "sidhistory": []}, "RemoteDesktopUsers": {"Collected": true, "FailureReason": null, "Results": []}, "DcomUsers": {"Collected": true, "FailureReason": null, "Results": []}, "AllowedToDelegate": [], "Sessions": {"Collected": true, "FailureReason": null, "Results": []}, "PrivilegedSessions": {"Collected": false, "FailureReason": null, "Results": []}, "RegistrySessions": {"Collected": false, "FailureReason": null, "Results": []}, "Aces": [{"RightName": "Owns", "IsInherited": false, "PrincipalSID": "S-1-5-21-719815819-3726368948-3917688648-512", "PrincipalType": "Group"}, {"RightName": "GenericAll", "IsInherited": false, "PrincipalSID": "S-1-5-21-719815819-3726368948-3917688648-512", "PrincipalType": "Group"}, {"RightName": "GenericAll", "IsInherited": false, "PrincipalSID": "DOLLARCORP.MONEYCORP.LOCAL-S-1-5-32-548", "PrincipalType": "Group"}, {"RightName": "AddKeyCredentialLink", "IsInherited": true, "PrincipalSID": "S-1-5-21-335606122-960912869-3279953914-527", "PrincipalType": "Group"}, {"RightName": "AddKeyCredentialLink", "IsInherited": true, "PrincipalSID": "S-1-5-21-719815819-3726368948-3917688648-526", "PrincipalType": "Group"}, {"RightName": "GenericAll", "IsInherited": true, "PrincipalSID": "S-1-5-21-335606122-960912869-3279953914-519", "PrincipalType": "Group"}, {"RightName": "GenericWrite", "IsInherited": true, "PrincipalSID": "DOLLARCORP.MONEYCORP.LOCAL-S-1-5-32-544", "PrincipalType": "Group"}, {"RightName": "WriteOwner", "IsInherited": true, "PrincipalSID": "DOLLARCORP.MONEYCORP.LOCAL-S-1-5-32-544", "PrincipalType": "Group"}, {"RightName": "WriteDacl", "IsInherited": true, "PrincipalSID": "DOLLARCORP.MONEYCORP.LOCAL-S-1-5-32-544", "PrincipalType": "Group"}], "HasSIDHistory": [], "IsDeleted": false, "Status": null, "IsACLProtected": false},{"ObjectIdentifier": "S-1-5-21-719815819-3726368948-3917688648-5193", "AllowedToAct": [], "PrimaryGroupSID": "S-1-5-21-719815819-3726368948-3917688648-515", "LocalAdmins": {"Collected": true, "FailureReason": null, "Results": [{"ObjectIdentifier": "S-1-5-21-719815819-3726368948-3917688648-512", "ObjectType": "Group"}, {"ObjectIdentifier": "S-1-5-21-719815819-3726368948-3917688648-5113", "ObjectType": "User"}]}, "PSRemoteUsers": {"Collected": true, "FailureReason": null, "Results": []}, "Properties": {"name": "DCORP-STD73.DOLLARCORP.MONEYCORP.LOCAL", "domainsid": "S-1-5-21-719815819-3726368948-3917688648", "domain": "DOLLARCORP.MONEYCORP.LOCAL", "distinguishedname": "CN=DCORP-STD73,OU=STUDENTMACHINES,DC=DOLLARCORP,DC=MONEYCORP,DC=LOCAL", "unconstraineddelegation": false, "enabled": true, "trustedtoauth": false, "samaccountname": "DCORP-STD73$", "haslaps": false, "lastlogon": 1700276441, "lastlogontimestamp": 1700197371, "pwdlastset": 1680002795, "whencreated": 1680002795, "serviceprincipalnames": ["WSMAN/dcorp-std73", "WSMAN/dcorp-std73.dollarcorp.moneycorp.local", "TERMSRV/DCORP-STD73", "TERMSRV/dcorp-std73.dollarcorp.moneycorp.local", "RestrictedKrbHost/DCORP-STD73", "HOST/DCORP-STD73", "RestrictedKrbHost/dcorp-std73.dollarcorp.moneycorp.local", "HOST/dcorp-std73.dollarcorp.moneycorp.local"], "description": null, "operatingsystem": "Windows Server 2022 Standard", "sidhistory": []}, "RemoteDesktopUsers": {"Collected": true, "FailureReason": null, "Results": [{"ObjectIdentifier": "S-1-5-21-719815819-3726368948-3917688648-5113", "ObjectType": "User"}]}, "DcomUsers": {"Collected": true, "FailureReason": null, "Results": []}, "AllowedToDelegate": [], "Sessions": {"Collected": true, "FailureReason": null, "Results": []}, "PrivilegedSessions": {"Collected": false, "FailureReason": null, "Results": []}, "RegistrySessions": {"Collected": false, "FailureReason": null, "Results": []}, "Aces": [{"RightName": "Owns", "IsInherited": false, "PrincipalSID": "S-1-5-21-719815819-3726368948-3917688648-512", "PrincipalType": "Group"}, {"RightName": "GenericAll", "IsInherited": false, "PrincipalSID": "S-1-5-21-719815819-3726368948-3917688648-512", "PrincipalType": "Group"}, {"RightName": "GenericAll", "IsInherited": false, "PrincipalSID": "DOLLARCORP.MONEYCORP.LOCAL-S-1-5-32-548", "PrincipalType": "Group"}, {"RightName": "AddKeyCredentialLink", "IsInherited": true, "PrincipalSID": "S-1-5-21-335606122-960912869-3279953914-527", "PrincipalType": "Group"}, {"RightName": "AddKeyCredentialLink", "IsInherited": true, "PrincipalSID": "S-1-5-21-719815819-3726368948-3917688648-526", "PrincipalType": "Group"}, {"RightName": "GenericAll", "IsInherited": true, "PrincipalSID": "S-1-5-21-335606122-960912869-3279953914-519", "PrincipalType": "Group"}, {"RightName": "GenericWrite", "IsInherited": true, "PrincipalSID": "DOLLARCORP.MONEYCORP.LOCAL-S-1-5-32-544", "PrincipalType": "Group"}, {"RightName": "WriteOwner", "IsInherited": true, "PrincipalSID": "DOLLARCORP.MONEYCORP.LOCAL-S-1-5-32-544", "PrincipalType": "Group"}, {"RightName": "WriteDacl", "IsInherited": true, "PrincipalSID": "DOLLARCORP.MONEYCORP.LOCAL-S-1-5-32-544", "PrincipalType": "Group"}], "HasSIDHistory": [], "IsDeleted": false, "Status": null, "IsACLProtected": false},{"ObjectIdentifier": "S-1-5-21-719815819-3726368948-3917688648-1109", "AllowedToAct": [], "PrimaryGroupSID": "S-1-5-21-719815819-3726368948-3917688648-515", "LocalAdmins": {"Collected": true, "FailureReason": null, "Results": []}, "PSRemoteUsers": {"Collected": true, "FailureReason": null, "Results": []}, "Properties": {"name": "DCORP-MSSQL.DOLLARCORP.MONEYCORP.LOCAL", "domainsid": "S-1-5-21-719815819-3726368948-3917688648", "domain": "DOLLARCORP.MONEYCORP.LOCAL", "distinguishedname": "CN=DCORP-MSSQL,OU=SERVERS,DC=DOLLARCORP,DC=MONEYCORP,DC=LOCAL", "unconstraineddelegation": false, "enabled": true, "trustedtoauth": false, "samaccountname": "DCORP-MSSQL$", "haslaps": false, "lastlogon": 1700276415, "lastlogontimestamp": 1700197352, "pwdlastset": 1668237833, "whencreated": 1668237833, "serviceprincipalnames": ["MSSQLSvc/dcorp-mssql.dollarcorp.moneycorp.local:1433", "MSSQLSvc/dcorp-mssql.dollarcorp.moneycorp.local", "TERMSRV/DCORP-MSSQL", "TERMSRV/dcorp-mssql.dollarcorp.moneycorp.local", "RestrictedKrbHost/DCORP-MSSQL", "HOST/DCORP-MSSQL", "RestrictedKrbHost/dcorp-mssql.dollarcorp.moneycorp.local", "HOST/dcorp-mssql.dollarcorp.moneycorp.local"], "description": null, "operatingsystem": "Windows Server 2022 Datacenter", "sidhistory": []}, "RemoteDesktopUsers": {"Collected": true, "FailureReason": null, "Results": []}, "DcomUsers": {"Collected": true, "FailureReason": null, "Results": []}, "AllowedToDelegate": [], "Sessions": {"Collected": true, "FailureReason": null, "Results": []}, "PrivilegedSessions": {"Collected": false, "FailureReason": null, "Results": []}, "RegistrySessions": {"Collected": false, "FailureReason": null, "Results": []}, "Aces": [{"RightName": "Owns", "IsInherited": false, "PrincipalSID": "S-1-5-21-719815819-3726368948-3917688648-512", "PrincipalType": "Group"}, {"RightName": "GenericAll", "IsInherited": false, "PrincipalSID": "S-1-5-21-719815819-3726368948-3917688648-512", "PrincipalType": "Group"}, {"RightName": "GenericAll", "IsInherited": false, "PrincipalSID": "DOLLARCORP.MONEYCORP.LOCAL-S-1-5-32-548", "PrincipalType": "Group"}, {"RightName": "AddKeyCredentialLink", "IsInherited": true, "PrincipalSID": "S-1-5-21-335606122-960912869-3279953914-527", "PrincipalType": "Group"}, {"RightName": "AddKeyCredentialLink", "IsInherited": true, "PrincipalSID": "S-1-5-21-719815819-3726368948-3917688648-526", "PrincipalType": "Group"}, {"RightName": "GenericAll", "IsInherited": true, "PrincipalSID": "S-1-5-21-335606122-960912869-3279953914-519", "PrincipalType": "Group"}, {"RightName": "GenericWrite", "IsInherited": true, "PrincipalSID": "DOLLARCORP.MONEYCORP.LOCAL-S-1-5-32-544", "PrincipalType": "Group"}, {"RightName": "WriteOwner", "IsInherited": true, "PrincipalSID": "DOLLARCORP.MONEYCORP.LOCAL-S-1-5-32-544", "PrincipalType": "Group"}, {"RightName": "WriteDacl", "IsInherited": true, "PrincipalSID": "DOLLARCORP.MONEYCORP.LOCAL-S-1-5-32-544", "PrincipalType": "Group"}], "HasSIDHistory": [], "IsDeleted": false, "Status": null, "IsACLProtected": false},{"ObjectIdentifier": "S-1-5-21-719815819-3726368948-3917688648-4202", "AllowedToAct": [], "PrimaryGroupSID": "S-1-5-21-719815819-3726368948-3917688648-515", "LocalAdmins": {"Collected": true, "FailureReason": null, "Results": []}, "PSRemoteUsers": {"Collected": true, "FailureReason": null, "Results": []}, "Properties": {"name": "DCORP-STDADMIN.DOLLARCORP.MONEYCORP.LOCAL", "domainsid": "S-1-5-21-719815819-3726368948-3917688648", "domain": "DOLLARCORP.MONEYCORP.LOCAL", "distinguishedname": "CN=DCORP-STDADMIN,OU=STUDENTMACHINES,DC=DOLLARCORP,DC=MONEYCORP,DC=LOCAL", "unconstraineddelegation": false, "enabled": true, "trustedtoauth": false, "samaccountname": "DCORP-STDADMIN$", "haslaps": false, "lastlogon": 1700276430, "lastlogontimestamp": 1700197489, "pwdlastset": 1693304043, "whencreated": 1677853813, "serviceprincipalnames": ["WSMAN/dcorp-stdadmin", "WSMAN/dcorp-stdadmin.dollarcorp.moneycorp.local", "TERMSRV/DCORP-STDADMIN", "TERMSRV/dcorp-stdadmin.dollarcorp.moneycorp.local", "RestrictedKrbHost/DCORP-STDADMIN", "HOST/DCORP-STDADMIN", "RestrictedKrbHost/dcorp-stdadmin.dollarcorp.moneycorp.local", "HOST/dcorp-stdadmin.dollarcorp.moneycorp.local"], "description": null, "operatingsystem": "Windows Server 2022 Standard", "sidhistory": []}, "RemoteDesktopUsers": {"Collected": true, "FailureReason": null, "Results": []}, "DcomUsers": {"Collected": true, "FailureReason": null, "Results": []}, "AllowedToDelegate": [], "Sessions": {"Collected": true, "FailureReason": null, "Results": []}, "PrivilegedSessions": {"Collected": false, "FailureReason": null, "Results": []}, "RegistrySessions": {"Collected": false, "FailureReason": null, "Results": []}, "Aces": [{"RightName": "Owns", "IsInherited": false, "PrincipalSID": "S-1-5-21-719815819-3726368948-3917688648-512", "PrincipalType": "Group"}, {"RightName": "GenericAll", "IsInherited": false, "PrincipalSID": "S-1-5-21-719815819-3726368948-3917688648-512", "PrincipalType": "Group"}, {"RightName": "GenericAll", "IsInherited": false, "PrincipalSID": "DOLLARCORP.MONEYCORP.LOCAL-S-1-5-32-548", "PrincipalType": "Group"}, {"RightName": "AddKeyCredentialLink", "IsInherited": true, "PrincipalSID": "S-1-5-21-335606122-960912869-3279953914-527", "PrincipalType": "Group"}, {"RightName": "AddKeyCredentialLink", "IsInherited": true, "PrincipalSID": "S-1-5-21-719815819-3726368948-3917688648-526", "PrincipalType": "Group"}, {"RightName": "GenericAll", "IsInherited": true, "PrincipalSID": "S-1-5-21-335606122-960912869-3279953914-519", "PrincipalType": "Group"}, {"RightName": "GenericWrite", "IsInherited": true, "PrincipalSID": "DOLLARCORP.MONEYCORP.LOCAL-S-1-5-32-544", "PrincipalType": "Group"}, {"RightName": "WriteOwner", "IsInherited": true, "PrincipalSID": "DOLLARCORP.MONEYCORP.LOCAL-S-1-5-32-544", "PrincipalType": "Group"}, {"RightName": "WriteDacl", "IsInherited": true, "PrincipalSID": "DOLLARCORP.MONEYCORP.LOCAL-S-1-5-32-544", "PrincipalType": "Group"}], "HasSIDHistory": [], "IsDeleted": false, "Status": null, "IsACLProtected": false},{"ObjectIdentifier": "S-1-5-21-719815819-3726368948-3917688648-5181", "AllowedToAct": [], "PrimaryGroupSID": "S-1-5-21-719815819-3726368948-3917688648-515", "LocalAdmins": {"Collected": true, "FailureReason": null, "Results": []}, "PSRemoteUsers": {"Collected": true, "FailureReason": null, "Results": []}, "Properties": {"name": "DCORP-STD61.DOLLARCORP.MONEYCORP.LOCAL", "domainsid": "S-1-5-21-719815819-3726368948-3917688648", "domain": "DOLLARCORP.MONEYCORP.LOCAL", "distinguishedname": "CN=DCORP-STD61,OU=STUDENTMACHINES,DC=DOLLARCORP,DC=MONEYCORP,DC=LOCAL", "unconstraineddelegation": false, "enabled": true, "trustedtoauth": false, "samaccountname": "DCORP-STD61$", "haslaps": false, "lastlogon": 1700276407, "lastlogontimestamp": 1700197350, "pwdlastset": 1680002400, "whencreated": 1680002400, "serviceprincipalnames": ["WSMAN/dcorp-std61", "WSMAN/dcorp-std61.dollarcorp.moneycorp.local", "TERMSRV/DCORP-STD61", "TERMSRV/dcorp-std61.dollarcorp.moneycorp.local", "RestrictedKrbHost/DCORP-STD61", "HOST/DCORP-STD61", "RestrictedKrbHost/dcorp-std61.dollarcorp.moneycorp.local", "HOST/dcorp-std61.dollarcorp.moneycorp.local"], "description": null, "operatingsystem": "Windows Server 2022 Standard", "sidhistory": []}, "RemoteDesktopUsers": {"Collected": true, "FailureReason": null, "Results": []}, "DcomUsers": {"Collected": true, "FailureReason": null, "Results": []}, "AllowedToDelegate": [], "Sessions": {"Collected": true, "FailureReason": null, "Results": []}, "PrivilegedSessions": {"Collected": false, "FailureReason": null, "Results": []}, "RegistrySessions": {"Collected": false, "FailureReason": null, "Results": []}, "Aces": [{"RightName": "Owns", "IsInherited": false, "PrincipalSID": "S-1-5-21-719815819-3726368948-3917688648-512", "PrincipalType": "Group"}, {"RightName": "GenericAll", "IsInherited": false, "PrincipalSID": "S-1-5-21-719815819-3726368948-3917688648-512", "PrincipalType": "Group"}, {"RightName": "GenericAll", "IsInherited": false, "PrincipalSID": "DOLLARCORP.MONEYCORP.LOCAL-S-1-5-32-548", "PrincipalType": "Group"}, {"RightName": "AddKeyCredentialLink", "IsInherited": true, "PrincipalSID": "S-1-5-21-335606122-960912869-3279953914-527", "PrincipalType": "Group"}, {"RightName": "AddKeyCredentialLink", "IsInherited": true, "PrincipalSID": "S-1-5-21-719815819-3726368948-3917688648-526", "PrincipalType": "Group"}, {"RightName": "GenericAll", "IsInherited": true, "PrincipalSID": "S-1-5-21-335606122-960912869-3279953914-519", "PrincipalType": "Group"}, {"RightName": "GenericWrite", "IsInherited": true, "PrincipalSID": "DOLLARCORP.MONEYCORP.LOCAL-S-1-5-32-544", "PrincipalType": "Group"}, {"RightName": "WriteOwner", "IsInherited": true, "PrincipalSID": "DOLLARCORP.MONEYCORP.LOCAL-S-1-5-32-544", "PrincipalType": "Group"}, {"RightName": "WriteDacl", "IsInherited": true, "PrincipalSID": "DOLLARCORP.MONEYCORP.LOCAL-S-1-5-32-544", "PrincipalType": "Group"}], "HasSIDHistory": [], "IsDeleted": false, "Status": null, "IsACLProtected": false},{"ObjectIdentifier": "S-1-5-21-719815819-3726368948-3917688648-1106", "AllowedToAct": [], "PrimaryGroupSID": "S-1-5-21-719815819-3726368948-3917688648-515", "LocalAdmins": {"Collected": true, "FailureReason": null, "Results": []}, "PSRemoteUsers": {"Collected": true, "FailureReason": null, "Results": []}, "Properties": {"name": "DCORP-APPSRV.DOLLARCORP.MONEYCORP.LOCAL", "domainsid": "S-1-5-21-719815819-3726368948-3917688648", "domain": "DOLLARCORP.MONEYCORP.LOCAL", "distinguishedname": "CN=DCORP-APPSRV,OU=SERVERS,DC=DOLLARCORP,DC=MONEYCORP,DC=LOCAL", "unconstraineddelegation": true, "enabled": true, "trustedtoauth": false, "samaccountname": "DCORP-APPSRV$", "haslaps": false, "lastlogon": 1700276392, "lastlogontimestamp": 1700197391, "pwdlastset": 1668237651, "whencreated": 1668237651, "serviceprincipalnames": ["TERMSRV/DCORP-APPSRV", "TERMSRV/dcorp-appsrv.dollarcorp.moneycorp.local", "RestrictedKrbHost/DCORP-APPSRV", "HOST/DCORP-APPSRV", "RestrictedKrbHost/dcorp-appsrv.dollarcorp.moneycorp.local", "HOST/dcorp-appsrv.dollarcorp.moneycorp.local"], "description": null, "operatingsystem": "Windows Server 2022 Datacenter", "sidhistory": []}, "RemoteDesktopUsers": {"Collected": true, "FailureReason": null, "Results": []}, "DcomUsers": {"Collected": true, "FailureReason": null, "Results": []}, "AllowedToDelegate": [], "Sessions": {"Collected": true, "FailureReason": null, "Results": []}, "PrivilegedSessions": {"Collected": false, "FailureReason": null, "Results": []}, "RegistrySessions": {"Collected": false, "FailureReason": null, "Results": []}, "Aces": [{"RightName": "Owns", "IsInherited": false, "PrincipalSID": "S-1-5-21-719815819-3726368948-3917688648-512", "PrincipalType": "Group"}, {"RightName": "GenericAll", "IsInherited": false, "PrincipalSID": "S-1-5-21-719815819-3726368948-3917688648-512", "PrincipalType": "Group"}, {"RightName": "GenericAll", "IsInherited": false, "PrincipalSID": "DOLLARCORP.MONEYCORP.LOCAL-S-1-5-32-548", "PrincipalType": "Group"}, {"RightName": "AddKeyCredentialLink", "IsInherited": true, "PrincipalSID": "S-1-5-21-335606122-960912869-3279953914-527", "PrincipalType": "Group"}, {"RightName": "AddKeyCredentialLink", "IsInherited": true, "PrincipalSID": "S-1-5-21-719815819-3726368948-3917688648-526", "PrincipalType": "Group"}, {"RightName": "GenericAll", "IsInherited": true, "PrincipalSID": "S-1-5-21-335606122-960912869-3279953914-519", "PrincipalType": "Group"}, {"RightName": "GenericWrite", "IsInherited": true, "PrincipalSID": "DOLLARCORP.MONEYCORP.LOCAL-S-1-5-32-544", "PrincipalType": "Group"}, {"RightName": "WriteOwner", "IsInherited": true, "PrincipalSID": "DOLLARCORP.MONEYCORP.LOCAL-S-1-5-32-544", "PrincipalType": "Group"}, {"RightName": "WriteDacl", "IsInherited": true, "PrincipalSID": "DOLLARCORP.MONEYCORP.LOCAL-S-1-5-32-544", "PrincipalType": "Group"}], "HasSIDHistory": [], "IsDeleted": false, "Status": null, "IsACLProtected": false},{"ObjectIdentifier": "S-1-5-21-719815819-3726368948-3917688648-1110", "AllowedToAct": [], "PrimaryGroupSID": "S-1-5-21-719815819-3726368948-3917688648-515", "LocalAdmins": {"Collected": true, "FailureReason": null, "Results": []}, "PSRemoteUsers": {"Collected": true, "FailureReason": null, "Results": []}, "Properties": {"name": "DCORP-SQL1.DOLLARCORP.MONEYCORP.LOCAL", "domainsid": "S-1-5-21-719815819-3726368948-3917688648", "domain": "DOLLARCORP.MONEYCORP.LOCAL", "distinguishedname": "CN=DCORP-SQL1,OU=SERVERS,DC=DOLLARCORP,DC=MONEYCORP,DC=LOCAL", "unconstraineddelegation": false, "enabled": true, "trustedtoauth": false, "samaccountname": "DCORP-SQL1$", "haslaps": false, "lastlogon": 1700276403, "lastlogontimestamp": 1700197369, "pwdlastset": 1668237881, "whencreated": 1668237881, "serviceprincipalnames": ["MSSQLSvc/dcorp-sql1.dollarcorp.moneycorp.local:1433", "MSSQLSvc/dcorp-sql1.dollarcorp.moneycorp.local", "TERMSRV/DCORP-SQL1", "TERMSRV/dcorp-sql1.dollarcorp.moneycorp.local", "RestrictedKrbHost/DCORP-SQL1", "HOST/DCORP-SQL1", "RestrictedKrbHost/dcorp-sql1.dollarcorp.moneycorp.local", "HOST/dcorp-sql1.dollarcorp.moneycorp.local"], "description": null, "operatingsystem": "Windows Server 2022 Datacenter", "sidhistory": []}, "RemoteDesktopUsers": {"Collected": true, "FailureReason": null, "Results": []}, "DcomUsers": {"Collected": true, "FailureReason": null, "Results": []}, "AllowedToDelegate": [], "Sessions": {"Collected": true, "FailureReason": null, "Results": []}, "PrivilegedSessions": {"Collected": false, "FailureReason": null, "Results": []}, "RegistrySessions": {"Collected": false, "FailureReason": null, "Results": []}, "Aces": [{"RightName": "Owns", "IsInherited": false, "PrincipalSID": "S-1-5-21-719815819-3726368948-3917688648-512", "PrincipalType": "Group"}, {"RightName": "GenericAll", "IsInherited": false, "PrincipalSID": "S-1-5-21-719815819-3726368948-3917688648-512", "PrincipalType": "Group"}, {"RightName": "GenericAll", "IsInherited": false, "PrincipalSID": "DOLLARCORP.MONEYCORP.LOCAL-S-1-5-32-548", "PrincipalType": "Group"}, {"RightName": "AddKeyCredentialLink", "IsInherited": true, "PrincipalSID": "S-1-5-21-335606122-960912869-3279953914-527", "PrincipalType": "Group"}, {"RightName": "AddKeyCredentialLink", "IsInherited": true, "PrincipalSID": "S-1-5-21-719815819-3726368948-3917688648-526", "PrincipalType": "Group"}, {"RightName": "GenericAll", "IsInherited": true, "PrincipalSID": "S-1-5-21-335606122-960912869-3279953914-519", "PrincipalType": "Group"}, {"RightName": "GenericWrite", "IsInherited": true, "PrincipalSID": "DOLLARCORP.MONEYCORP.LOCAL-S-1-5-32-544", "PrincipalType": "Group"}, {"RightName": "WriteOwner", "IsInherited": true, "PrincipalSID": "DOLLARCORP.MONEYCORP.LOCAL-S-1-5-32-544", "PrincipalType": "Group"}, {"RightName": "WriteDacl", "IsInherited": true, "PrincipalSID": "DOLLARCORP.MONEYCORP.LOCAL-S-1-5-32-544", "PrincipalType": "Group"}], "HasSIDHistory": [], "IsDeleted": false, "Status": null, "IsACLProtected": false},{"ObjectIdentifier": "S-1-5-21-719815819-3726368948-3917688648-1107", "AllowedToAct": [], "PrimaryGroupSID": "S-1-5-21-719815819-3726368948-3917688648-515", "LocalAdmins": {"Collected": true, "FailureReason": null, "Results": []}, "PSRemoteUsers": {"Collected": true, "FailureReason": null, "Results": []}, "Properties": {"name": "DCORP-CI.DOLLARCORP.MONEYCORP.LOCAL", "domainsid": "S-1-5-21-719815819-3726368948-3917688648", "domain": "DOLLARCORP.MONEYCORP.LOCAL", "distinguishedname": "CN=DCORP-CI,OU=SERVERS,DC=DOLLARCORP,DC=MONEYCORP,DC=LOCAL", "unconstraineddelegation": false, "enabled": true, "trustedtoauth": false, "samaccountname": "DCORP-CI$", "haslaps": false, "lastlogon": 1700276380, "lastlogontimestamp": 1700197377, "pwdlastset": 1668237728, "whencreated": 1668237728, "serviceprincipalnames": ["TERMSRV/DCORP-CI", "TERMSRV/dcorp-ci.dollarcorp.moneycorp.local", "RestrictedKrbHost/DCORP-CI", "HOST/DCORP-CI", "RestrictedKrbHost/dcorp-ci.dollarcorp.moneycorp.local", "HOST/dcorp-ci.dollarcorp.moneycorp.local"], "description": null, "operatingsystem": "Windows Server 2022 Datacenter", "sidhistory": []}, "RemoteDesktopUsers": {"Collected": true, "FailureReason": null, "Results": []}, "DcomUsers": {"Collected": true, "FailureReason": null, "Results": []}, "AllowedToDelegate": [], "Sessions": {"Collected": true, "FailureReason": null, "Results": []}, "PrivilegedSessions": {"Collected": false, "FailureReason": null, "Results": []}, "RegistrySessions": {"Collected": false, "FailureReason": null, "Results": []}, "Aces": [{"RightName": "Owns", "IsInherited": false, "PrincipalSID": "S-1-5-21-719815819-3726368948-3917688648-512", "PrincipalType": "Group"}, {"RightName": "GenericAll", "IsInherited": false, "PrincipalSID": "S-1-5-21-719815819-3726368948-3917688648-512", "PrincipalType": "Group"}, {"RightName": "GenericAll", "IsInherited": false, "PrincipalSID": "DOLLARCORP.MONEYCORP.LOCAL-S-1-5-32-548", "PrincipalType": "Group"}, {"RightName": "AddKeyCredentialLink", "IsInherited": true, "PrincipalSID": "S-1-5-21-335606122-960912869-3279953914-527", "PrincipalType": "Group"}, {"RightName": "AddKeyCredentialLink", "IsInherited": true, "PrincipalSID": "S-1-5-21-719815819-3726368948-3917688648-526", "PrincipalType": "Group"}, {"RightName": "GenericAll", "IsInherited": true, "PrincipalSID": "S-1-5-21-335606122-960912869-3279953914-519", "PrincipalType": "Group"}, {"RightName": "GenericWrite", "IsInherited": true, "PrincipalSID": "DOLLARCORP.MONEYCORP.LOCAL-S-1-5-32-544", "PrincipalType": "Group"}, {"RightName": "WriteOwner", "IsInherited": true, "PrincipalSID": "DOLLARCORP.MONEYCORP.LOCAL-S-1-5-32-544", "PrincipalType": "Group"}, {"RightName": "WriteDacl", "IsInherited": true, "PrincipalSID": "DOLLARCORP.MONEYCORP.LOCAL-S-1-5-32-544", "PrincipalType": "Group"}], "HasSIDHistory": [], "IsDeleted": false, "Status": null, "IsACLProtected": false},{"ObjectIdentifier": "S-1-5-21-719815819-3726368948-3917688648-1108", "AllowedToAct": [], "PrimaryGroupSID": "S-1-5-21-719815819-3726368948-3917688648-515", "LocalAdmins": {"Collected": true, "FailureReason": null, "Results": []}, "PSRemoteUsers": {"Collected": true, "FailureReason": null, "Results": []}, "Properties": {"name": "DCORP-MGMT.DOLLARCORP.MONEYCORP.LOCAL", "domainsid": "S-1-5-21-719815819-3726368948-3917688648", "domain": "DOLLARCORP.MONEYCORP.LOCAL", "distinguishedname": "CN=DCORP-MGMT,OU=SERVERS,DC=DOLLARCORP,DC=MONEYCORP,DC=LOCAL", "unconstraineddelegation": false, "enabled": true, "trustedtoauth": false, "samaccountname": "DCORP-MGMT$", "haslaps": false, "lastlogon": 1700276418, "lastlogontimestamp": 1700197326, "pwdlastset": 1668237782, "whencreated": 1668237782, "serviceprincipalnames": ["TERMSRV/DCORP-MGMT", "TERMSRV/dcorp-mgmt.dollarcorp.moneycorp.local", "RestrictedKrbHost/DCORP-MGMT", "HOST/DCORP-MGMT", "RestrictedKrbHost/dcorp-mgmt.dollarcorp.moneycorp.local", "HOST/dcorp-mgmt.dollarcorp.moneycorp.local"], "description": null, "operatingsystem": "Windows Server 2022 Datacenter", "sidhistory": []}, "RemoteDesktopUsers": {"Collected": true, "FailureReason": null, "Results": []}, "DcomUsers": {"Collected": true, "FailureReason": null, "Results": []}, "AllowedToDelegate": [], "Sessions": {"Collected": true, "FailureReason": null, "Results": []}, "PrivilegedSessions": {"Collected": false, "FailureReason": null, "Results": []}, "RegistrySessions": {"Collected": false, "FailureReason": null, "Results": []}, "Aces": [{"RightName": "Owns", "IsInherited": false, "PrincipalSID": "S-1-5-21-719815819-3726368948-3917688648-512", "PrincipalType": "Group"}, {"RightName": "GenericWrite", "IsInherited": false, "PrincipalSID": "S-1-5-21-719815819-3726368948-3917688648-1121", "PrincipalType": "User"}, {"RightName": "GenericAll", "IsInherited": false, "PrincipalSID": "S-1-5-21-719815819-3726368948-3917688648-512", "PrincipalType": "Group"}, {"RightName": "GenericAll", "IsInherited": false, "PrincipalSID": "DOLLARCORP.MONEYCORP.LOCAL-S-1-5-32-548", "PrincipalType": "Group"}, {"RightName": "AddKeyCredentialLink", "IsInherited": true, "PrincipalSID": "S-1-5-21-335606122-960912869-3279953914-527", "PrincipalType": "Group"}, {"RightName": "AddKeyCredentialLink", "IsInherited": true, "PrincipalSID": "S-1-5-21-719815819-3726368948-3917688648-526", "PrincipalType": "Group"}, {"RightName": "GenericAll", "IsInherited": true, "PrincipalSID": "S-1-5-21-335606122-960912869-3279953914-519", "PrincipalType": "Group"}, {"RightName": "GenericWrite", "IsInherited": true, "PrincipalSID": "DOLLARCORP.MONEYCORP.LOCAL-S-1-5-32-544", "PrincipalType": "Group"}, {"RightName": "WriteOwner", "IsInherited": true, "PrincipalSID": "DOLLARCORP.MONEYCORP.LOCAL-S-1-5-32-544", "PrincipalType": "Group"}, {"RightName": "WriteDacl", "IsInherited": true, "PrincipalSID": "DOLLARCORP.MONEYCORP.LOCAL-S-1-5-32-544", "PrincipalType": "Group"}], "HasSIDHistory": [], "IsDeleted": false, "Status": null, "IsACLProtected": false},{"ObjectIdentifier": "S-1-5-21-719815819-3726368948-3917688648-1000", "AllowedToAct": [], "PrimaryGroupSID": "S-1-5-21-719815819-3726368948-3917688648-516", "LocalAdmins": {"Collected": true, "FailureReason": null, "Results": [{"ObjectIdentifier": "S-1-5-21-719815819-3726368948-3917688648-512", "ObjectType": "Group"}, {"ObjectIdentifier": "S-1-5-21-719815819-3726368948-3917688648-500", "ObjectType": "User"}, {"ObjectIdentifier": "S-1-5-21-335606122-960912869-3279953914-519", "ObjectType": "Group"}]}, "PSRemoteUsers": {"Collected": true, "FailureReason": null, "Results": []}, "Properties": {"name": "DCORP-DC.DOLLARCORP.MONEYCORP.LOCAL", "domainsid": "S-1-5-21-719815819-3726368948-3917688648", "domain": "DOLLARCORP.MONEYCORP.LOCAL", "distinguishedname": "CN=DCORP-DC,OU=DOMAIN CONTROLLERS,DC=DOLLARCORP,DC=MONEYCORP,DC=LOCAL", "unconstraineddelegation": true, "enabled": true, "trustedtoauth": false, "samaccountname": "DCORP-DC$", "haslaps": false, "lastlogon": 1700271064, "lastlogontimestamp": 1700213464, "pwdlastset": 1697735961, "whencreated": 1668232780, "serviceprincipalnames": ["ldap/dcorp-dc.dollarcorp.moneycorp.local/DomainDnsZones.dollarcorp.moneycorp.local", "ldap/dcorp-dc.dollarcorp.moneycorp.local/ForestDnsZones.moneycorp.local", "Dfsr-12F9A27C-BF97-4787-9364-D31B6C55EB04/dcorp-dc.dollarcorp.moneycorp.local", "TERMSRV/DCORP-DC", "TERMSRV/dcorp-dc.dollarcorp.moneycorp.local", "DNS/dcorp-dc.dollarcorp.moneycorp.local", "GC/dcorp-dc.dollarcorp.moneycorp.local/moneycorp.local", "RestrictedKrbHost/dcorp-dc.dollarcorp.moneycorp.local", "RestrictedKrbHost/DCORP-DC", "RPC/2011249a-2f18-48d6-9be8-429cf2f04d2c._msdcs.moneycorp.local", "HOST/DCORP-DC/dcorp", "HOST/dcorp-dc.dollarcorp.moneycorp.local/dcorp", "HOST/DCORP-DC", "HOST/dcorp-dc.dollarcorp.moneycorp.local", "HOST/dcorp-dc.dollarcorp.moneycorp.local/dollarcorp.moneycorp.local", "E3514235-4B06-11D1-AB04-00C04FC2DCD2/2011249a-2f18-48d6-9be8-429cf2f04d2c/dollarcorp.moneycorp.local", "ldap/DCORP-DC/dcorp", "ldap/2011249a-2f18-48d6-9be8-429cf2f04d2c._msdcs.moneycorp.local", "ldap/dcorp-dc.dollarcorp.moneycorp.local/dcorp", "ldap/DCORP-DC", "ldap/dcorp-dc.dollarcorp.moneycorp.local", "ldap/dcorp-dc.dollarcorp.moneycorp.local/dollarcorp.moneycorp.local"], "description": null, "operatingsystem": "Windows Server 2022 Standard", "sidhistory": []}, "RemoteDesktopUsers": {"Collected": true, "FailureReason": null, "Results": []}, "DcomUsers": {"Collected": true, "FailureReason": null, "Results": []}, "AllowedToDelegate": [], "Sessions": {"Collected": true, "FailureReason": null, "Results": []}, "PrivilegedSessions": {"Collected": false, "FailureReason": null, "Results": []}, "RegistrySessions": {"Collected": false, "FailureReason": null, "Results": []}, "Aces": [{"RightName": "Owns", "IsInherited": false, "PrincipalSID": "S-1-5-21-719815819-3726368948-3917688648-512", "PrincipalType": "Group"}, {"RightName": "GenericAll", "IsInherited": false, "PrincipalSID": "S-1-5-21-719815819-3726368948-3917688648-512", "PrincipalType": "Group"}, {"RightName": "AddKeyCredentialLink", "IsInherited": true, "PrincipalSID": "S-1-5-21-335606122-960912869-3279953914-527", "PrincipalType": "Group"}, {"RightName": "AddKeyCredentialLink", "IsInherited": true, "PrincipalSID": "S-1-5-21-719815819-3726368948-3917688648-526", "PrincipalType": "Group"}, {"RightName": "GenericAll", "IsInherited": true, "PrincipalSID": "S-1-5-21-335606122-960912869-3279953914-519", "PrincipalType": "Group"}, {"RightName": "GenericWrite", "IsInherited": true, "PrincipalSID": "DOLLARCORP.MONEYCORP.LOCAL-S-1-5-32-544", "PrincipalType": "Group"}, {"RightName": "WriteOwner", "IsInherited": true, "PrincipalSID": "DOLLARCORP.MONEYCORP.LOCAL-S-1-5-32-544", "PrincipalType": "Group"}, {"RightName": "WriteDacl", "IsInherited": true, "PrincipalSID": "DOLLARCORP.MONEYCORP.LOCAL-S-1-5-32-544", "PrincipalType": "Group"}], "HasSIDHistory": [], "IsDeleted": false, "Status": null, "IsACLProtected": false},{"ObjectIdentifier": "S-1-5-21-719815819-3726368948-3917688648-1105", "AllowedToAct": [], "PrimaryGroupSID": "S-1-5-21-719815819-3726368948-3917688648-515", "LocalAdmins": {"Collected": true, "FailureReason": null, "Results": [{"ObjectIdentifier": "S-1-5-21-719815819-3726368948-3917688648-512", "ObjectType": "Group"}, {"ObjectIdentifier": "S-1-5-21-719815819-3726368948-3917688648-1115", "ObjectType": "User"}, {"ObjectIdentifier": "S-1-5-21-719815819-3726368948-3917688648-1117", "ObjectType": "User"}, {"ObjectIdentifier": "S-1-5-21-719815819-3726368948-3917688648-1123", "ObjectType": "Group"}]}, "PSRemoteUsers": {"Collected": true, "FailureReason": null, "Results": []}, "Properties": {"name": "DCORP-ADMINSRV.DOLLARCORP.MONEYCORP.LOCAL", "domainsid": "S-1-5-21-719815819-3726368948-3917688648", "domain": "DOLLARCORP.MONEYCORP.LOCAL", "distinguishedname": "CN=DCORP-ADMINSRV,OU=APPLOCKED,DC=DOLLARCORP,DC=MONEYCORP,DC=LOCAL", "unconstraineddelegation": false, "enabled": true, "trustedtoauth": true, "samaccountname": "DCORP-ADMINSRV$", "haslaps": false, "lastlogon": 1700276390, "lastlogontimestamp": 1700197774, "pwdlastset": 1668237372, "whencreated": 1668237372, "serviceprincipalnames": ["TERMSRV/DCORP-ADMINSRV", "TERMSRV/dcorp-adminsrv.dollarcorp.moneycorp.local", "RestrictedKrbHost/DCORP-ADMINSRV", "HOST/DCORP-ADMINSRV", "RestrictedKrbHost/dcorp-adminsrv.dollarcorp.moneycorp.local", "HOST/dcorp-adminsrv.dollarcorp.moneycorp.local"], "description": null, "operatingsystem": "Windows Server 2022 Datacenter", "sidhistory": [], "allowedtodelegate": ["TIME/dcorp-dc.dollarcorp.moneycorp.LOCAL", "TIME/dcorp-DC"]}, "RemoteDesktopUsers": {"Collected": true, "FailureReason": null, "Results": []}, "DcomUsers": {"Collected": true, "FailureReason": null, "Results": []}, "AllowedToDelegate": ["S-1-5-21-719815819-3726368948-3917688648-1000"], "Sessions": {"Collected": true, "FailureReason": null, "Results": []}, "PrivilegedSessions": {"Collected": false, "FailureReason": null, "Results": []}, "RegistrySessions": {"Collected": false, "FailureReason": null, "Results": []}, "Aces": [{"RightName": "Owns", "IsInherited": false, "PrincipalSID": "S-1-5-21-719815819-3726368948-3917688648-512", "PrincipalType": "Group"}, {"RightName": "GenericAll", "IsInherited": false, "PrincipalSID": "S-1-5-21-719815819-3726368948-3917688648-512", "PrincipalType": "Group"}, {"RightName": "GenericAll", "IsInherited": false, "PrincipalSID": "DOLLARCORP.MONEYCORP.LOCAL-S-1-5-32-548", "PrincipalType": "Group"}, {"RightName": "AddKeyCredentialLink", "IsInherited": true, "PrincipalSID": "S-1-5-21-335606122-960912869-3279953914-527", "PrincipalType": "Group"}, {"RightName": "AddKeyCredentialLink", "IsInherited": true, "PrincipalSID": "S-1-5-21-719815819-3726368948-3917688648-526", "PrincipalType": "Group"}, {"RightName": "GenericAll", "IsInherited": true, "PrincipalSID": "S-1-5-21-335606122-960912869-3279953914-519", "PrincipalType": "Group"}, {"RightName": "GenericWrite", "IsInherited": true, "PrincipalSID": "DOLLARCORP.MONEYCORP.LOCAL-S-1-5-32-544", "PrincipalType": "Group"}, {"RightName": "WriteOwner", "IsInherited": true, "PrincipalSID": "DOLLARCORP.MONEYCORP.LOCAL-S-1-5-32-544", "PrincipalType": "Group"}, {"RightName": "WriteDacl", "IsInherited": true, "PrincipalSID": "DOLLARCORP.MONEYCORP.LOCAL-S-1-5-32-544", "PrincipalType": "Group"}], "HasSIDHistory": [], "IsDeleted": false, "Status": null, "IsACLProtected": false}],"meta":{"methods":0,"type":"computers","count":28, "version":5}}