{"data":[{"ObjectIdentifier": "F49A5FA1-0296-4E75-9C2D-C68C3B872D15", "Properties": {"domain": "DOLLARCORP.MONEYCORP.LOCAL", "name": "SERVERS@DOLLARCORP.MONEYCORP.LOCAL", "distinguishedname": "OU=SERVERS,DC=DOLLARCORP,DC=MONEYCORP,DC=LOCAL", "domainsid": "S-1-5-21-719815819-3726368948-3917688648", "highvalue": false, "blocksinheritance": false, "description": null, "whencreated": 1668485824}, "IsDeleted": false, "IsACLProtected": false, "Aces": [{"RightName": "Owns", "IsInherited": false, "PrincipalSID": "S-1-5-21-719815819-3726368948-3917688648-512", "PrincipalType": "Group"}, {"RightName": "GenericAll", "IsInherited": false, "PrincipalSID": "S-1-5-21-719815819-3726368948-3917688648-512", "PrincipalType": "Group"}, {"RightName": "GenericAll", "IsInherited": true, "PrincipalSID": "S-1-5-21-335606122-960912869-3279953914-519", "PrincipalType": "Group"}, {"RightName": "WriteOwner", "IsInherited": true, "PrincipalSID": "DOLLARCORP.MONEYCORP.LOCAL-S-1-5-32-544", "PrincipalType": "Group"}, {"RightName": "WriteDacl", "IsInherited": true, "PrincipalSID": "DOLLARCORP.MONEYCORP.LOCAL-S-1-5-32-544", "PrincipalType": "Group"}], "Links": [{"IsEnforced": false, "GUID": "5E0B30E9-2965-4566-B89D-A34C7167446C"}], "ChildObjects": [{"ObjectIdentifier": "S-1-5-21-719815819-3726368948-3917688648-1110", "ObjectType": "Computer"}, {"ObjectIdentifier": "S-1-5-21-719815819-3726368948-3917688648-1109", "ObjectType": "Computer"}, {"ObjectIdentifier": "S-1-5-21-719815819-3726368948-3917688648-1108", "ObjectType": "Computer"}, {"ObjectIdentifier": "S-1-5-21-719815819-3726368948-3917688648-1107", "ObjectType": "Computer"}, {"ObjectIdentifier": "S-1-5-21-719815819-3726368948-3917688648-1106", "ObjectType": "Computer"}], "GPOChanges": {"AffectedComputers": [], "DcomUsers": [], "LocalAdmins": [], "PSRemoteUsers": [], "RemoteDesktopUsers": []}},{"ObjectIdentifier": "E33CFCDB-8C09-4A51-A0BF-C67815E72615", "Properties": {"domain": "DOLLARCORP.MONEYCORP.LOCAL", "name": "APPLOCKED@DOLLARCORP.MONEYCORP.LOCAL", "distinguishedname": "OU=APPLOCKED,DC=DOLLARCORP,DC=MONEYCORP,DC=LOCAL", "domainsid": "S-1-5-21-719815819-3726368948-3917688648", "highvalue": false, "blocksinheritance": false, "description": null, "whencreated": 1668485798}, "IsDeleted": false, "IsACLProtected": false, "Aces": [{"RightName": "Owns", "IsInherited": false, "PrincipalSID": "S-1-5-21-719815819-3726368948-3917688648-512", "PrincipalType": "Group"}, {"RightName": "GenericAll", "IsInherited": false, "PrincipalSID": "S-1-5-21-719815819-3726368948-3917688648-512", "PrincipalType": "Group"}, {"RightName": "GenericAll", "IsInherited": true, "PrincipalSID": "S-1-5-21-335606122-960912869-3279953914-519", "PrincipalType": "Group"}, {"RightName": "WriteOwner", "IsInherited": true, "PrincipalSID": "DOLLARCORP.MONEYCORP.LOCAL-S-1-5-32-544", "PrincipalType": "Group"}, {"RightName": "WriteDacl", "IsInherited": true, "PrincipalSID": "DOLLARCORP.MONEYCORP.LOCAL-S-1-5-32-544", "PrincipalType": "Group"}], "Links": [{"IsEnforced": false, "GUID": "BCF4770B-B560-468B-88CB-6BEAEB6793F9"}], "ChildObjects": [{"ObjectIdentifier": "S-1-5-21-719815819-3726368948-3917688648-1105", "ObjectType": "Computer"}], "GPOChanges": {"AffectedComputers": [], "DcomUsers": [], "LocalAdmins": [], "PSRemoteUsers": [], "RemoteDesktopUsers": []}},{"ObjectIdentifier": "1C7CD8CB-D8BB-412F-9D76-9CFF8AFA021F", "Properties": {"domain": "DOLLARCORP.MONEYCORP.LOCAL", "name": "STUDENTMACHINES@DOLLARCORP.MONEYCORP.LOCAL", "distinguishedname": "OU=STUDENTMACHINES,DC=DOLLARCORP,DC=MONEYCORP,DC=LOCAL", "domainsid": "S-1-5-21-719815819-3726368948-3917688648", "highvalue": false, "blocksinheritance": false, "description": null, "whencreated": 1668484164}, "IsDeleted": false, "IsACLProtected": false, "Aces": [{"RightName": "Owns", "IsInherited": false, "PrincipalSID": "S-1-5-21-719815819-3726368948-3917688648-512", "PrincipalType": "Group"}, {"RightName": "GenericAll", "IsInherited": false, "PrincipalSID": "S-1-5-21-719815819-3726368948-3917688648-512", "PrincipalType": "Group"}, {"RightName": "GenericAll", "IsInherited": true, "PrincipalSID": "S-1-5-21-335606122-960912869-3279953914-519", "PrincipalType": "Group"}, {"RightName": "WriteOwner", "IsInherited": true, "PrincipalSID": "DOLLARCORP.MONEYCORP.LOCAL-S-1-5-32-544", "PrincipalType": "Group"}, {"RightName": "WriteDacl", "IsInherited": true, "PrincipalSID": "DOLLARCORP.MONEYCORP.LOCAL-S-1-5-32-544", "PrincipalType": "Group"}], "Links": [{"IsEnforced": false, "GUID": "0076F619-FFEF-4488-BFDB-1FC028C5CB14"}], "ChildObjects": [{"ObjectIdentifier": "S-1-5-21-719815819-3726368948-3917688648-4202", "ObjectType": "Computer"}, {"ObjectIdentifier": "S-1-5-21-719815819-3726368948-3917688648-5200", "ObjectType": "Computer"}, {"ObjectIdentifier": "S-1-5-21-719815819-3726368948-3917688648-5199", "ObjectType": "Computer"}, {"ObjectIdentifier": "S-1-5-21-719815819-3726368948-3917688648-5198", "ObjectType": "Computer"}, {"ObjectIdentifier": "S-1-5-21-719815819-3726368948-3917688648-5197", "ObjectType": "Computer"}, {"ObjectIdentifier": "S-1-5-21-719815819-3726368948-3917688648-5196", "ObjectType": "Computer"}, {"ObjectIdentifier": "S-1-5-21-719815819-3726368948-3917688648-5195", "ObjectType": "Computer"}, {"ObjectIdentifier": "S-1-5-21-719815819-3726368948-3917688648-5194", "ObjectType": "Computer"}, {"ObjectIdentifier": "S-1-5-21-719815819-3726368948-3917688648-5193", "ObjectType": "Computer"}, {"ObjectIdentifier": "S-1-5-21-719815819-3726368948-3917688648-5192", "ObjectType": "Computer"}, {"ObjectIdentifier": "S-1-5-21-719815819-3726368948-3917688648-5191", "ObjectType": "Computer"}, {"ObjectIdentifier": "S-1-5-21-719815819-3726368948-3917688648-5190", "ObjectType": "Computer"}, {"ObjectIdentifier": "S-1-5-21-719815819-3726368948-3917688648-5189", "ObjectType": "Computer"}, {"ObjectIdentifier": "S-1-5-21-719815819-3726368948-3917688648-5188", "ObjectType": "Computer"}, {"ObjectIdentifier": "S-1-5-21-719815819-3726368948-3917688648-5187", "ObjectType": "Computer"}, {"ObjectIdentifier": "S-1-5-21-719815819-3726368948-3917688648-5186", "ObjectType": "Computer"}, {"ObjectIdentifier": "S-1-5-21-719815819-3726368948-3917688648-5185", "ObjectType": "Computer"}, {"ObjectIdentifier": "S-1-5-21-719815819-3726368948-3917688648-5184", "ObjectType": "Computer"}, {"ObjectIdentifier": "S-1-5-21-719815819-3726368948-3917688648-5183", "ObjectType": "Computer"}, {"ObjectIdentifier": "S-1-5-21-719815819-3726368948-3917688648-5182", "ObjectType": "Computer"}, {"ObjectIdentifier": "S-1-5-21-719815819-3726368948-3917688648-5181", "ObjectType": "Computer"}], "GPOChanges": {"AffectedComputers": [], "DcomUsers": [], "LocalAdmins": [], "PSRemoteUsers": [], "RemoteDesktopUsers": []}},{"ObjectIdentifier": "802DA67F-F1F8-40A7-9D13-7E76CCB25E39", "Properties": {"domain": "DOLLARCORP.MONEYCORP.LOCAL", "name": "DOMAIN CONTROLLERS@DOLLARCORP.MONEYCORP.LOCAL", "distinguishedname": "OU=DOMAIN CONTROLLERS,DC=DOLLARCORP,DC=MONEYCORP,DC=LOCAL", "domainsid": "S-1-5-21-719815819-3726368948-3917688648", "highvalue": false, "blocksinheritance": false, "description": "Default container for domain controllers", "whencreated": 1668232740}, "IsDeleted": false, "IsACLProtected": false, "Aces": [{"RightName": "Owns", "IsInherited": false, "PrincipalSID": "S-1-5-21-719815819-3726368948-3917688648-512", "PrincipalType": "Group"}, {"RightName": "WriteOwner", "IsInherited": false, "PrincipalSID": "S-1-5-21-719815819-3726368948-3917688648-512", "PrincipalType": "Group"}, {"RightName": "WriteDacl", "IsInherited": false, "PrincipalSID": "S-1-5-21-719815819-3726368948-3917688648-512", "PrincipalType": "Group"}, {"RightName": "GenericAll", "IsInherited": true, "PrincipalSID": "S-1-5-21-335606122-960912869-3279953914-519", "PrincipalType": "Group"}, {"RightName": "WriteOwner", "IsInherited": true, "PrincipalSID": "DOLLARCORP.MONEYCORP.LOCAL-S-1-5-32-544", "PrincipalType": "Group"}, {"RightName": "WriteDacl", "IsInherited": true, "PrincipalSID": "DOLLARCORP.MONEYCORP.LOCAL-S-1-5-32-544", "PrincipalType": "Group"}], "Links": [{"IsEnforced": false, "GUID": "AC098E0E-A9A2-46E1-828D-B08C9AC75593"}], "ChildObjects": [{"ObjectIdentifier": "S-1-5-21-719815819-3726368948-3917688648-1000", "ObjectType": "Computer"}], "GPOChanges": {"AffectedComputers": [], "DcomUsers": [], "LocalAdmins": [], "PSRemoteUsers": [], "RemoteDesktopUsers": []}}],"meta":{"methods":0,"type":"ous","count":4, "version":5}}